Date,ActualDate,Category,Assets,Nonfinancial assets,Real estate,Consumer durables,Financial assets,Checkable deposts and currency,Time deposits and short-term investments,Money market fund shares,Debt securities,U.S. government and municipal securities,Corporate and foreign bonds,Loans (Assets),Other loans and advances (Assets),Mortgages,Corporate equities and mutual fund shares,Life insurance reserves,Pension entitlements,Equity in noncorpoate business,Miscellaneous assets,Liabilities,Loans (Liabilities),Home mortgages,Consumer credit,Depository institutions loans n.e.c.,Other loans and advances (Liabilities),Deferred and unpaind life insurance premiums,Net worth
1989:Q3,01/09/1989,age70plus,16.8,13.3,14.6,8.5,19,35.7,31.7,16.6,34.8,35.4,30.9,16.1,15.8,16.2,22.5,9.8,10.7,11.5,12.1,3.2,3.2,1.9,4.7,8.1,17.6,9.7,18.9
1989:Q3,01/09/1989,age55to69,32.6,26.9,27.6,24.4,35.9,21.9,35.2,46.9,34.4,35.9,25.9,63.7,66,62.9,36.4,27.8,38.3,34,25.5,13.5,13.4,13.2,11.6,24.4,28.9,27.5,35.5
1989:Q3,01/09/1989,age40to54,33.3,35.8,35.9,35.5,31.9,26.5,21.5,26.4,22.7,19.9,38.6,15.2,16.2,14.9,30.4,36.3,37.6,38.4,35.7,39.3,39.3,39.4,38.3,35.8,44.9,36.5,32.4
1989:Q3,01/09/1989,ageunder40,17.3,24,22,31.6,13.2,15.9,11.6,10.1,8.2,8.8,4.6,5,2,6.1,10.7,26.1,13.4,16,26.7,44,44.1,45.5,45.4,31.7,8.7,26.3,13.1
1989:Q4,01/12/1989,age70plus,17,14.2,15.8,8.6,18.6,32.7,32.3,15.9,34.3,35.4,28,17,16.8,17.1,21.2,9.3,10.4,11.3,10.7,3.1,3,1.8,4.5,8.1,16.1,12.2,19.1
1989:Q4,01/12/1989,age55to69,32.9,27,27.7,24.3,36.4,23.6,35.2,47.3,35.1,36.1,29.5,62.9,65.3,61.9,37.4,29,38.3,34.6,26.3,14.4,14.3,14.4,11.7,25.2,29.6,28.1,35.7
1989:Q4,01/12/1989,age40to54,33.1,35.3,35.2,35.4,31.9,27.4,20.8,26.3,23.1,20.1,40,15,15.7,14.8,30.2,36,38,38.3,35.7,37.4,37.4,36.8,38,34.9,45.2,35.6,32.5
1989:Q4,01/12/1989,ageunder40,17,23.5,21.3,31.7,13.2,16.4,11.7,10.6,7.6,8.5,2.6,5,2.2,6.2,11.2,25.7,13.2,15.8,27.3,45.2,45.3,47,45.7,31.8,9,24,12.7
1990:Q1,01/03/1990,age70plus,17.3,14,15.4,8.9,19.2,32.3,32.7,16,34.7,35.7,28.5,17.5,15.3,18.3,22.5,9.8,10.9,12.3,11.4,2.9,2.8,1.7,4.2,8,15.4,11.5,19.5
1990:Q1,01/03/1990,age55to69,32.6,27,27.7,24.4,36,24.5,35.2,46.9,35.1,35.8,30.9,62.2,66,60.8,35.8,29.5,37.9,34.4,26.6,14.3,14.2,14,12.2,26.1,31.4,28.5,35.5
1990:Q1,01/03/1990,age40to54,33.2,35.5,35.6,35.3,31.8,26.8,20.5,26.1,23.2,20.3,40.4,15,16.4,14.5,30.2,36.2,38.3,37.8,35.2,38.6,38.6,38.6,37.8,34,44,35.6,32.4
1990:Q1,01/03/1990,ageunder40,16.9,23.4,21.2,31.3,13,16.4,11.6,11,6.9,8.1,0.1,5.3,2.4,6.4,11.5,24.5,12.9,15.5,26.8,44.2,44.3,45.7,45.8,31.9,9.2,24.3,12.6
1990:Q2,01/06/1990,age70plus,18.2,15,16.6,9,20.1,32.5,32.8,17.7,35.1,36,29.6,18.3,14.9,19.6,24.6,10.6,11.7,13.5,12.1,2.8,2.8,1.8,3.9,8.2,14.5,11.5,20.6
1990:Q2,01/06/1990,age55to69,32.4,27.1,27.8,24.3,35.5,24.7,35.2,44.9,34.6,35.4,30,61,64.5,59.6,34.6,29.4,37.2,34.4,26.5,15.5,15.4,15.4,12.8,26.9,32.1,28.8,35
1990:Q2,01/06/1990,age40to54,32.8,34.9,34.8,35.2,31.7,26.7,20.6,26.3,23.4,20.6,40.3,15.4,17.9,14.4,29.7,36.1,38.4,36.9,34.8,36.9,36.9,36.4,37.1,33.1,44,35.4,32.2
1990:Q2,01/06/1990,ageunder40,16.6,23.1,20.8,31.5,12.7,16,11.4,11.1,6.9,8,0,5.4,2.7,6.5,11.1,23.9,12.7,15.2,26.6,44.8,44.9,46.3,46.2,31.9,9.4,24.3,12.2
1990:Q3,01/09/1990,age70plus,18.7,14.5,15.8,9.9,21.3,35.6,33,18.4,36.3,36.9,32.7,18.1,10.9,21,27.8,12.1,12.5,15.2,14,2.7,2.6,1.6,4.2,8.4,12.9,12,21.3
1990:Q3,01/09/1990,age55to69,31.8,27.1,27.9,24.3,34.6,25.1,35.2,43.9,33.9,34.7,28.9,61.6,69.8,58.3,30.6,29.7,36.8,33.2,26.4,14.5,14.4,14.5,11.8,27.7,31.5,29.7,34.6
1990:Q3,01/09/1990,age40to54,33,35.3,35.4,35,31.6,24.3,20.5,26.3,23.4,21.1,38.5,14.9,17.1,14.1,30,36.8,38.5,36.7,34.3,38.9,38.9,38.8,38.2,32.1,45.9,35.2,32.1
1990:Q3,01/09/1990,ageunder40,16.5,23.1,20.9,30.8,12.5,15.1,11.4,11.4,6.3,7.3,0,5.3,2.3,6.6,11.6,21.4,12.2,15,25.4,43.9,44,45.1,45.8,31.7,9.7,23,12
1990:Q4,01/12/1990,age70plus,18.1,14.4,15.7,10.1,20.3,32.1,33.8,18,34.3,35.4,28.2,20,14.5,22.6,24.1,10.6,11.8,14.1,11.8,2.4,2.3,1.3,3.9,8.4,12.7,13.3,20.7
1990:Q4,01/12/1990,age55to69,32.3,27.1,27.9,24.4,35.4,26,34.8,43.8,35.6,36,33,60.1,66.7,57,34,31.2,36.9,34.1,27.1,14.5,14.4,14.1,12.5,28.7,33.1,30.3,35.2
1990:Q4,01/12/1990,age40to54,33.1,35.2,35.2,34.9,31.9,25.5,20,26.4,24.1,21.5,38.8,14.7,16.5,13.9,30.1,36,39.1,37.1,34.7,38.9,38.9,39.1,37.5,31.1,44.5,34.7,32.2
1990:Q4,01/12/1990,ageunder40,16.4,23.3,21.1,30.7,12.4,16.3,11.4,11.8,6,7.1,0,5.2,2.4,6.6,11.8,22.3,12.2,14.7,26.4,44.3,44.4,45.5,46.1,31.7,9.7,21.7,12
1991:Q1,01/03/1991,age70plus,17.2,15,16.4,10,18.4,26.8,34.8,16.5,31.8,34,20.3,23.1,20.3,24.3,18.7,8.1,10.5,11.9,7.8,2,2,1.1,3.2,8.3,12.2,12.4,19.5
1991:Q1,01/03/1991,age55to69,33.2,27.2,28,24.3,36.7,27.2,34.3,44.9,37.5,36.8,40.7,56.9,60.1,55.4,38.9,33.1,37.2,35.8,28.2,15.4,15.4,14.8,14.1,29.7,34,30.4,36
1991:Q1,01/03/1991,age40to54,33.2,34.7,34.7,34.8,32.3,27.9,19.5,26.4,24.8,22.1,39,14.7,16.9,13.8,30.3,34.7,39.9,37.9,35.7,37.1,37.1,37.2,36,30.1,44,34.6,32.6
1991:Q1,01/03/1991,ageunder40,16.4,23.1,20.8,30.9,12.6,18.1,11.5,12.2,5.9,7.1,0,5.3,2.7,6.5,12.1,24.1,12.4,14.5,28.3,45.4,45.5,46.9,46.7,31.9,9.8,22.5,11.8
1991:Q2,01/06/1991,age70plus,17.6,15.2,16.6,10.5,19,28,35,18.3,32.5,34.3,23.3,24.2,19.5,26.2,20.3,8.9,10.7,13,8.9,2,1.9,1.1,3.2,8.6,11.8,11.7,20.1
1991:Q2,01/06/1991,age55to69,32.8,27.2,28,24.2,36,27.1,33.8,42.5,36.6,36.1,39,55.7,59.9,53.9,37.6,33.2,36.8,35.3,27.9,15.7,15.6,15.1,14.3,30.6,34.4,31,35.5
1991:Q2,01/06/1991,age40to54,33.3,34.6,34.6,34.6,32.6,27.1,20.1,27,25.2,22.8,37.8,14.9,17.9,13.6,30.3,34.8,40.2,37.5,35.4,37.2,37.2,37.3,35.8,29,44,34.6,32.7
1991:Q2,01/06/1991,ageunder40,16.3,23,20.8,30.7,12.4,17.8,11.2,12.3,5.7,6.8,0,5.3,2.7,6.4,11.8,23,12.3,14.2,27.8,45.1,45.2,46.4,46.8,31.8,9.8,22.7,11.6
1991:Q3,01/09/1991,age70plus,17.4,14.7,15.8,10.8,18.9,27.4,35.3,19.3,32.3,33.7,24,25.9,21.3,28.2,19.9,8.7,10.4,13.2,8.7,2.1,2.1,1.3,3.1,8.6,12.7,10.7,19.8
1991:Q3,01/09/1991,age55to69,32.8,27.2,28,24.4,36,27.1,33.3,40.6,36.5,35.8,39.9,54,57.8,52.1,38.4,33.6,36.5,35.5,27.8,15.3,15.2,14.4,14.6,31.6,35.7,31.5,35.6
1991:Q3,01/09/1991,age40to54,33.6,34.9,35,34.5,32.8,27.4,20.3,27.6,25.6,23.7,36.1,15,18,13.5,30.3,34.5,40.7,37.3,35.5,39.1,39.1,40.2,35.2,27.9,41.9,34.5,32.7
1991:Q3,01/09/1991,ageunder40,16.3,23.2,21.2,30.4,12.3,18.1,11.1,12.4,5.7,6.7,0,5.1,2.8,6.2,11.4,23.2,12.3,14,28,43.5,43.5,44.2,47.1,31.9,9.6,23.3,11.9
1991:Q4,01/12/1991,age70plus,16.5,14.7,15.8,10.9,17.5,24.6,35.7,19.3,30.2,32.2,18.9,28.9,26.7,30.4,16,7.3,9.6,11.8,6.8,2.3,2.2,1.4,3,8.5,13.6,9.8,18.8
1991:Q4,01/12/1991,age55to69,33.5,27.2,28.1,24.4,37,27.6,33.1,39.9,37.6,36.4,44.7,51.6,54,50,42.6,34.8,36.5,36.6,28.4,15.7,15.7,14.7,15.1,32.6,37.4,31.9,36.4
1991:Q4,01/12/1991,age40to54,33.9,34.9,35.1,34.4,33.3,28.9,20.9,28.2,26.1,24.8,33.8,14.9,16.5,13.8,30.4,33.7,41.6,37.9,35.9,39.1,39.2,40.6,34.4,26.7,39.7,34.4,33.1
1991:Q4,01/12/1991,ageunder40,16.1,23.1,21,30.4,12.2,18.9,10.4,12.7,6,6.6,2.7,4.6,2.8,5.8,11.1,24.2,12.3,13.7,28.8,42.9,43,43.4,47.5,32.3,9.4,23.9,11.8
1992:Q1,01/03/1992,age70plus,17,15.5,16.6,11.4,17.9,25.8,36.2,20.1,30.4,31.8,22.4,30.5,26.2,32.9,16.4,7.9,9.9,12.6,8.3,2.6,2.5,1.9,2.9,8.4,12.8,9.5,19.3
1992:Q1,01/03/1992,age55to69,32.9,27.1,28,24,36.2,27.4,31.7,38.2,36.8,35.8,42.7,49.3,52.3,47.7,41.8,35.1,35.9,36,27.8,16.4,16.4,15.7,15.1,33.5,35.7,32.9,35.6
1992:Q1,01/03/1992,age40to54,34.2,34.5,34.5,34.4,34,28.2,21.8,28.8,27.1,26.2,31.9,15.7,18.6,14.1,30.8,33.8,42.2,37.9,35.7,39.1,39.1,40.4,34.2,25.3,42.1,34.2,33.4
1992:Q1,01/03/1992,ageunder40,15.9,23,20.9,30.2,12,18.5,10.3,12.8,5.8,6.3,3,4.5,2.9,5.3,11,23.3,12,13.5,28.2,41.9,42,42,47.8,32.8,9.5,23.4,11.8
1992:Q2,01/06/1992,age70plus,17.7,15.9,17.2,11.7,18.6,27.7,36.1,22,31.4,32.2,27.3,32.3,27,35.6,18,8.6,10.3,13.8,10.9,2.8,2.8,2.2,2.9,8.3,13.1,9.1,20
1992:Q2,01/06/1992,age55to69,32.3,27,27.9,23.8,35.2,26.8,31.3,35.1,34.3,33.6,38,47.1,50.2,45.2,40.5,34.8,35.2,35.5,26.9,16.9,16.8,16.3,15.1,34.2,35.8,33.8,34.7
1992:Q2,01/06/1992,age40to54,34.3,34,33.9,34.4,34.4,27.7,22.6,30,28.2,27.9,29.7,16.4,19.7,14.3,31,33.8,42.8,37.3,35.1,39.1,39.1,40.5,33.9,23.9,41.8,33.9,33.5
1992:Q2,01/06/1992,ageunder40,15.8,23.1,21.1,30.2,11.7,17.9,10,12.9,6.1,6.3,5.1,4.2,3.1,4.8,10.5,22.8,11.7,13.4,27.1,41.1,41.2,40.9,48.1,33.6,9.3,23.1,11.8
1992:Q3,01/09/1992,age70plus,17.3,15.1,16,11.9,18.6,28.6,36.4,23.3,30.9,31,29.9,35.3,29.8,38.8,17.7,8.9,10.2,14,13.1,2.7,2.7,2.1,2.9,8.5,12.8,8.8,19.7
1992:Q3,01/09/1992,age55to69,32,27,27.9,24,34.8,26.3,30.6,32.5,33.3,33,35.4,43.6,45.3,42.5,40.9,35,34.7,35.5,25.9,16.1,16.1,15.3,15.2,34.3,35.7,34.8,34.6
1992:Q3,01/09/1992,age40to54,34.9,34.7,34.8,34.3,35,27.8,23,31.2,29.3,29.8,26.4,17.2,21.5,14.5,31.3,33.6,43.6,37.3,34.7,41,41,43.1,33.6,22.4,42.3,33.7,33.9
1992:Q3,01/09/1992,ageunder40,15.7,23.2,21.3,29.8,11.6,17.3,10,13,6.5,6.2,8.4,3.9,3.4,4.2,10.1,22.6,11.6,13.2,26.2,40.2,40.3,39.6,48.2,34.8,9.2,22.7,11.8
1992:Q4,01/12/1992,age70plus,16.9,15.2,16.1,12.3,17.8,27,36.7,23,30.1,30.8,25.8,34.6,30.5,37.2,15.3,8.2,10.3,12.9,9.9,2.8,2.7,2.2,2.8,8.3,12.5,9.1,19.1
1992:Q4,01/12/1992,age55to69,32.6,26.7,27.6,23.9,35.7,26.6,30.3,33.8,35.5,34.5,41.4,43.8,44.7,43.2,43.1,34.2,35.1,35.8,26.8,16,15.9,15.2,14.9,34.8,36.2,33.1,35.2
1992:Q4,01/12/1992,age40to54,35,34.8,35,34.2,35,28.7,23,30.9,28.3,28.7,25.7,17.7,21.7,15.2,31.7,34.1,43.1,38.3,35.8,41.6,41.6,43.8,34.1,24.3,42.3,34.5,33.9
1992:Q4,01/12/1992,ageunder40,15.6,23.2,21.4,29.6,11.5,17.6,10,12.2,6.1,5.9,7,3.9,3.1,4.4,10,23.6,11.5,13,27.5,39.7,39.7,38.9,48.1,32.7,9,23.4,11.8
1993:Q1,01/03/1993,age70plus,17.5,17.2,18.6,12.6,17.7,26.7,36.1,23.3,30.3,31.3,25.7,33.4,30.1,35.9,15.5,8.4,10.5,12.8,9.1,3.1,3,2.7,2.4,8,12.9,9.4,19.8
1993:Q1,01/03/1993,age55to69,32.5,26.4,27.3,23.2,35.8,26.4,30.6,34.6,36.3,35,42.5,44.6,45.8,43.7,42.5,32.8,35.3,35.5,26.9,17.8,17.7,17.3,15.3,34.8,37.4,31.5,34.8
1993:Q1,01/03/1993,age40to54,34.6,33.6,33.3,34.4,35.2,28.6,24.2,30.6,27.7,27.9,26.8,18.2,21.4,15.8,32.2,34.8,42.7,38.9,36.3,38.7,38.7,39.8,34.2,26,41,35.2,34
1993:Q1,01/03/1993,ageunder40,15.3,22.8,20.8,29.8,11.3,18.3,9,11.5,5.7,5.8,5.1,3.8,2.7,4.6,9.8,24,11.6,12.8,27.7,40.5,40.6,40.2,48.1,31.2,8.6,23.9,11.4
1993:Q2,01/06/1993,age70plus,17.4,17,18.2,12.9,17.7,27.2,36,23.6,31,32.1,26,32.2,29.3,34.8,15.2,8.6,10.8,12.7,8.7,3,3,2.7,2.3,8,12.6,9.8,19.7
1993:Q2,01/06/1993,age55to69,32.4,26.2,27.1,23.2,35.7,26.2,30.5,35.1,36.5,34.8,44.4,45.7,47.5,44.1,42.2,31.7,35.4,35,26.8,17.3,17.3,16.9,14.9,34.3,37.9,30.2,34.8
1993:Q2,01/06/1993,age40to54,35,34,33.9,34.4,35.5,28.4,24.6,30.6,27.4,27.5,26.9,18.5,20.9,16.4,32.9,35.6,42.4,39.6,36.9,39.8,39.8,41.1,35,27.8,41.2,36,34.2
1993:Q2,01/06/1993,ageunder40,15.2,22.7,20.8,29.5,11.2,18.3,8.9,10.7,5.1,5.6,2.7,3.6,2.3,4.7,9.8,24.1,11.5,12.7,27.7,39.8,39.9,39.4,47.8,29.9,8.4,24,11.3
1993:Q3,01/09/1993,age70plus,17.3,16.5,17.5,13.2,17.6,27.7,35.9,23.9,31.4,32.6,26.5,31.5,28.7,33.8,15,8.9,11,12.6,8.7,2.9,2.9,2.5,2.3,7.8,13.2,10.2,19.5
1993:Q3,01/09/1993,age55to69,32.3,26.1,26.9,23.3,35.6,26,30.4,35.4,36.7,34.7,45,45.6,47.1,44.3,42.1,30.4,35.4,34.6,26.5,16.8,16.7,16,14.5,33.7,40,28.9,34.8
1993:Q3,01/09/1993,age40to54,35.3,34.6,34.7,34.4,35.7,28.3,24.9,30.7,27.2,27.2,27.1,19.3,22,17,33.3,36.3,42.1,40.2,37.2,41,41,42.6,35.8,29.5,38.9,36.7,34.4
1993:Q3,01/09/1993,ageunder40,15.1,22.8,20.9,29.1,11.1,18,8.8,10,4.7,5.5,1.3,3.6,2.2,4.8,9.5,24.4,11.5,12.6,27.6,39.4,39.4,38.9,47.5,28.9,8,24.2,11.3
1993:Q4,01/12/1993,age70plus,17.2,16.8,17.8,13.3,17.4,27.8,36.3,23.7,30.8,32.3,25.4,31.1,28.8,33.1,14.1,8.9,11.2,12.1,8.3,3,3,2.6,2.4,7.7,13.4,10.5,19.4
1993:Q4,01/12/1993,age55to69,32.3,25.9,26.7,23.3,35.7,25.9,29.4,36.3,37.8,35.3,46.4,45.5,46.7,44.4,42.6,29.4,35.3,34.4,26.1,16.7,16.7,16.1,13.7,33,41.2,27.6,34.8
1993:Q4,01/12/1993,age40to54,35.5,34.7,34.8,34.5,35.9,28.4,24.7,30.7,27.3,27.1,28.1,19.9,22.4,17.6,33.9,36.9,42.1,41.1,37.8,41.1,41.1,42.6,36.7,31.2,37.7,37.4,34.6
1993:Q4,01/12/1993,ageunder40,15,22.6,20.8,29,11,17.9,9.6,9.4,4.1,5.3,0,3.5,2.1,4.8,9.4,24.8,11.4,12.4,27.8,39.1,39.2,38.6,47.2,28.1,7.7,24.5,11.2
1994:Q1,01/03/1994,age70plus,18.1,18,19.3,13.7,18.2,29.9,34.9,24.3,31.5,32.1,29.5,29.4,26.2,32.5,15.8,10,11.9,13.3,10.5,3.1,3.1,2.7,2.3,7.4,13,11.1,20.6
1994:Q1,01/03/1994,age55to69,31.7,25.6,26.5,22.8,35,25.4,30.8,36.3,37.6,36.1,42.8,46.8,49.1,44.5,40.3,27.8,35,33.1,25.5,17.5,17.5,17.3,13.2,32.2,41.8,26.7,34
1994:Q1,01/03/1994,age40to54,35.5,34.1,34,34.6,36.2,27.1,26.5,30.7,27.1,26.9,27.7,20.5,22.9,18.2,34.7,37.9,41.8,41.3,37.6,39.5,39.5,40.1,37.7,32.8,37.8,38.1,34.9
1994:Q1,01/03/1994,ageunder40,14.6,22.2,20.3,28.9,10.6,17.6,7.8,8.7,3.9,4.9,0,3.3,1.8,4.8,9.2,24.3,11.2,12.3,26.4,39.9,40,39.9,46.8,27.5,7.4,24.1,10.6
1994:Q2,01/06/1994,age70plus,19.3,18.2,19.5,13.8,19.8,33.1,34.4,26,33.2,32.6,35.1,27.7,23.3,31.9,19.2,11.7,12.9,15.4,13.2,3.2,3.2,2.8,2.5,7,12.6,11.5,21.9
1994:Q2,01/06/1994,age55to69,30.8,25.5,26.3,22.7,33.7,24.5,30.3,35.1,35.9,35.6,36.6,47.1,49.9,44.5,37.2,25.6,34.5,31.8,24.3,17.4,17.4,17.5,12.4,31.3,42.2,25.6,33
1994:Q2,01/06/1994,age40to54,35.4,34.2,34.1,34.7,36.1,25.8,26.9,31,27.1,26.8,28.3,21.9,25.1,18.8,35,38.9,41.4,40.6,37.2,39.9,39.9,40.4,38.6,34.5,38,38.8,34.7
1994:Q2,01/06/1994,ageunder40,14.5,22.1,20.2,28.7,10.4,16.6,8.3,7.9,3.8,4.9,0,3.3,1.7,4.8,8.6,23.7,11.2,12.2,25.3,39.5,39.5,39.3,46.5,27.2,7.2,24.1,10.4
1994:Q3,01/09/1994,age70plus,19.4,17.6,18.8,13.8,20.4,34,33.9,26.7,33.6,32.7,36.8,27.2,22.7,31.5,20.5,12.7,13.4,16.2,14.3,3.2,3.1,2.8,2.5,6.8,12,11.7,22.1
1994:Q3,01/09/1994,age55to69,30.5,25.4,26.1,23,33.2,24.1,30.6,35,35.4,35.5,35,46.5,48.7,44.4,36,24,34.2,31.4,23.7,16.7,16.7,16.7,11.9,30,42.4,24.4,32.8
1994:Q3,01/09/1994,age40to54,35.7,34.7,34.7,34.7,36.2,25.5,27.2,31.2,27.1,26.8,28.2,23.1,26.8,19.4,35.4,39.7,41.2,40.5,37.2,41.4,41.4,42.3,39.2,36.4,38.6,39.4,34.7
1994:Q3,01/09/1994,ageunder40,14.4,22.2,20.3,28.6,10.3,16.3,8.4,7.1,3.9,5,0,3.3,1.8,4.7,8.1,23.6,11.2,11.9,24.9,38.7,38.7,38.1,46.4,26.8,7,24.5,10.4
1994:Q4,01/12/1994,age70plus,20.2,17.7,18.8,13.9,21.6,36.3,33.2,27.6,34,32.5,39.3,25.8,20.5,31.1,22.9,13.9,14.4,17.8,16.2,3.3,3.3,2.9,2.9,6.3,12.4,12.1,23
1994:Q4,01/12/1994,age55to69,29.9,25.3,26,23,32.4,23.7,30.6,34.8,34.9,35.9,31.6,46.8,49.4,44.2,33.9,22.3,33.6,30.6,22.9,16.4,16.4,16.6,10.7,28.4,43.9,23.4,32.2
1994:Q4,01/12/1994,age40to54,35.6,34.8,34.8,34.7,36.1,24.7,27.6,31.2,27.2,26.7,29.1,24.3,28.4,20.1,35.7,40.6,40.9,40.1,36.9,42.2,42.2,43.2,40.3,38.5,37,40,34.5
1994:Q4,01/12/1994,ageunder40,14.2,22.3,20.4,28.4,10,15.3,8.5,6.4,3.8,4.9,0,3.1,1.7,4.5,7.5,23.2,11.1,11.5,24,38,38.1,37.3,46.2,26.8,6.7,24.5,10.3
1995:Q1,01/03/1995,age70plus,20.3,17.7,18.9,13.6,21.7,35.7,32.2,27.9,34.5,33.1,39.1,25.8,21.1,30.8,23.7,14.3,14.5,18.3,16.7,3.2,3.2,3,2.4,5.9,11.5,12.3,23.2
1995:Q1,01/03/1995,age55to69,30,25.3,26,23.1,32.4,23.7,31.7,35.2,34.1,35,31.3,45.5,46.9,44.1,33.8,20.9,33.5,30.9,22.6,16.6,16.6,16.7,11.4,26,44.1,22.2,32.2
1995:Q1,01/03/1995,age40to54,35.7,34.9,34.9,34.7,36.1,25.2,28.1,31.2,27.4,26.6,29.6,25.6,30.3,20.7,35.7,41,40.7,39.8,36.8,42.2,42.3,43.3,39.8,41,37.9,40.5,34.6
1995:Q1,01/03/1995,ageunder40,14,22.1,20.2,28.5,9.8,15.4,7.9,5.8,4,5.3,0,3,1.7,4.4,6.9,23.9,11.3,11,23.8,37.9,38,37.1,46.4,27,6.5,25.1,10.1
1995:Q2,01/06/1995,age70plus,19.5,16.3,17.2,13.4,21.2,32.7,32.3,27.1,33.3,32.6,35.7,26.4,22.6,30.4,22.9,13.9,14.3,17.8,15.8,3,2.9,2.7,2.2,5.4,10.9,12.5,22.2
1995:Q2,01/06/1995,age55to69,30.5,25.7,26.3,23.6,32.9,24.5,31.8,36.7,35,35.3,34,44,44,43.9,34.8,20.2,33.6,32,22.7,15.8,15.7,15.4,11.7,22.4,45.2,20.8,32.9
1995:Q2,01/06/1995,age40to54,36.1,36.1,36.5,34.6,36.1,26.6,27.4,31,27.1,26.6,28.7,26.7,31.6,21.4,35.8,41.1,40.6,40.1,37.1,43.9,43.9,45.7,39.5,44.4,37.5,40.9,34.8
1995:Q2,01/06/1995,ageunder40,13.9,21.9,20,28.4,9.8,16.2,8.5,5.2,4.6,5.6,1.5,2.9,1.7,4.2,6.5,24.8,11.4,10.1,24.4,37.3,37.4,36.1,46.6,27.8,6.4,25.8,10
1995:Q3,01/09/1995,age70plus,18.6,15.5,16.2,13.1,20.1,27.5,32.3,26.2,30.8,31.5,28.7,26.9,24,30.1,21.4,13.1,14,16.8,14,2.9,2.9,2.7,2.2,4.8,11.3,12.8,21.2
1995:Q3,01/09/1995,age55to69,31.3,26,26.7,23.9,34,26.2,32.2,38.4,37,36.5,38.6,42.7,41.7,43.8,36.6,19.8,34,33.6,23,15.5,15.4,14.9,11.7,16.3,47.2,19.6,34
1995:Q3,01/09/1995,age40to54,36.4,36.8,37.5,34.5,36.3,28.5,27,30.9,27,26.3,29.2,27.7,32.6,22.1,35.9,41.1,40.5,40.7,37.6,44.9,44.9,47.4,39.2,49.4,35.3,41.3,35
1995:Q3,01/09/1995,ageunder40,13.7,21.7,19.7,28.4,9.6,17.8,8.6,4.6,5.2,5.7,3.6,2.8,1.7,4,6.1,26,11.6,8.8,25.4,36.7,36.7,35.1,47,29.5,6.1,26.3,9.8
1995:Q4,01/12/1995,age70plus,18.5,15.8,16.5,13.2,19.9,30,32.6,26.1,31.5,31.5,31.6,27.5,25.1,30.7,20.6,13,13.6,16.2,14.6,3,3,2.6,2.6,4.2,11.6,12.6,21.1
1995:Q4,01/12/1995,age55to69,31.2,25.9,26.5,24,33.9,24.8,31.6,37.9,36,36.1,35.7,41.8,40.6,43.5,37.2,19.9,34,32.9,22.6,15.3,15.3,15,11.6,21.8,44.3,19.8,33.8
1995:Q4,01/12/1995,age40to54,36.5,36.7,37.2,34.8,36.4,28,26.8,31,27.8,26.9,30,27.8,32.2,21.8,35.8,41,40.7,40.9,37.9,44.6,44.6,46.8,39.6,45.7,38,41.4,35.1
1995:Q4,01/12/1995,ageunder40,13.8,21.7,19.8,28,9.8,17.2,8.9,5,4.8,5.5,2.8,2.9,2.1,4,6.5,26.1,11.6,10,24.9,37,37.1,35.7,46.2,28.4,6.1,26.1,9.9
1996:Q1,01/03/1996,age70plus,18.4,16.2,17,13.2,19.5,30.3,32.6,25.3,31.8,31.4,32.8,28.2,26.1,31.3,19.8,12.6,13.3,15.3,14.5,3.1,3,2.6,2.5,5.6,13.9,12.7,20.9
1996:Q1,01/03/1996,age55to69,31.3,25.8,26.3,24.1,34,24.3,32,38.3,35.6,35.8,35.1,40.8,39.1,43.2,37.5,20.2,34.1,32.6,22.5,15.9,15.9,15.4,12.3,24.2,44.3,20.1,33.8
1996:Q1,01/03/1996,age40to54,36.5,36.5,36.9,35.1,36.5,28.1,26.7,30.8,27.9,27.4,29.2,27.9,32.3,21.6,35.9,40.8,41,41.3,38.3,43.7,43.7,45.6,39.5,43.5,35.9,41.4,35.3
1996:Q1,01/03/1996,ageunder40,13.8,21.5,19.7,27.6,10,17.3,8.8,5.6,4.6,5.3,2.9,3.1,2.5,4,6.8,26.4,11.6,10.8,24.7,37.3,37.3,36.4,45.7,26.7,5.9,25.9,9.9
1996:Q2,01/06/1996,age70plus,18.4,16.1,16.9,13.2,19.5,30.8,32.5,25.6,31.9,31,34.3,28.4,26.1,31.9,19.8,12.7,13.2,15.2,14.9,3.2,3.1,2.6,2.7,5.1,14.4,12.8,20.9
1996:Q2,01/06/1996,age55to69,31.2,25.7,26.1,24.3,33.8,24,32,37.5,35.6,36.3,33.7,39.7,37.5,42.9,37.4,20.2,34.1,32.2,22.4,15.7,15.7,15.2,12.4,25.8,42.1,20.3,33.7
1996:Q2,01/06/1996,age40to54,36.6,36.6,36.9,35.3,36.6,28,26.9,31.1,28.1,27.7,29.4,28.6,33.5,21.4,35.8,40.8,41,41.3,38.4,44.3,44.3,46.3,39.6,42.3,37.5,41.4,35.3
1996:Q2,01/06/1996,ageunder40,13.9,21.7,20.1,27.2,10,17.2,8.6,5.7,4.4,5.1,2.7,3.3,2.9,3.9,7,26.3,11.6,11.3,24.3,36.8,36.9,35.9,45.3,26.9,5.9,25.5,10.1
1996:Q3,01/09/1996,age70plus,18.5,16.1,16.9,13.3,19.7,31.2,33,25.5,32.3,30.9,36.2,28.3,25.5,32.4,20.3,13.1,13.2,15.4,15.4,3.3,3.2,2.7,2.9,5.1,14.8,13.1,21.1
1996:Q3,01/09/1996,age55to69,31,25.6,26,24.4,33.5,23.9,31.5,37.4,35.5,36.5,32.8,39.1,36.7,42.6,36.6,20.2,34.1,31.7,22.3,15.7,15.7,15.3,12.4,26.5,40.1,20.6,33.5
1996:Q3,01/09/1996,age40to54,36.5,36.5,36.8,35.6,36.5,27.9,26.1,31,27.9,27.8,28.2,29.1,34.5,21.1,35.9,41,41,41.1,38.4,44.5,44.5,46.6,39.8,41.5,39.1,41.3,35.2
1996:Q3,01/09/1996,ageunder40,14,21.7,20.2,26.7,10.2,17,9.4,6,4.3,4.8,2.8,3.5,3.4,3.8,7.2,25.8,11.6,11.8,24,36.5,36.5,35.5,44.9,26.9,5.9,25,10.2
1996:Q4,01/12/1996,age70plus,18.5,16.8,17.9,13.1,19.3,30.2,33.1,25.1,31.4,29.9,35.9,29.1,27,33,20.1,12.9,12.7,14.9,15.1,3.4,3.4,2.8,3,6,15.7,13,21
1996:Q4,01/12/1996,age55to69,31.2,25.6,26,24.5,33.9,24,31.3,37.7,36.4,37.6,32.6,37.7,35.2,42.4,37,20.2,34.5,32,22.3,16.4,16.4,16.2,12.9,26.3,39,20.6,33.7
1996:Q4,01/12/1996,age40to54,36.3,36.1,36.2,35.8,36.4,28.6,26,30.9,27.5,27.7,27,29.5,34,20.8,35.7,40.9,41,40.9,38.6,43.3,43.3,44.9,39.4,41.1,39.4,41.2,35.1
1996:Q4,01/12/1996,ageunder40,14,21.5,19.9,26.5,10.4,17.1,9.6,6.3,4.7,4.8,4.5,3.7,3.8,3.7,7.2,26,11.9,12.1,24.1,36.9,36.9,36.1,44.7,26.5,5.9,25.2,10.2
1997:Q1,01/03/1997,age70plus,18.7,17.2,18.4,13.1,19.4,30.3,32.7,24.6,32.5,30.9,37.7,28.6,25.9,33.6,20.6,13.2,12.7,15.1,15.6,3.5,3.5,2.9,2.8,5.3,16.4,13,21.2
1997:Q1,01/03/1997,age55to69,31.1,25.7,26,24.7,33.7,24.2,32,38.3,35.7,36.6,32.6,37.1,34.3,42.3,36.3,20.1,34.5,31.6,22.4,16.9,16.9,16.7,13.5,26.5,37.8,20.7,33.5
1997:Q1,01/03/1997,age40to54,36.3,35.9,35.9,36.1,36.5,28.5,26.6,30.6,27,27.8,24.5,30.3,35.6,20.5,35.8,41.1,40.9,40.8,38.5,42.9,42.9,44.4,39.3,40.9,39.9,41.2,35.2
1997:Q1,01/03/1997,ageunder40,13.9,21.2,19.7,26.2,10.4,17.1,8.8,6.5,4.8,4.7,5.2,4,4.3,3.6,7.4,25.6,11.8,12.5,23.5,36.7,36.7,36,44.4,27.3,5.9,25.1,10.1
1997:Q2,01/06/1997,age70plus,18.1,16.8,18.1,12.4,18.8,27.5,32.7,24.6,31,30.1,33.8,31.4,30.1,34.2,19.9,12.4,12.4,14,14.4,3.5,3.4,2.9,2.4,5,17.3,11.9,20.5
1997:Q2,01/06/1997,age55to69,31.8,25.9,26.1,25.2,34.5,24.4,31.9,38.1,36.1,37.2,32.3,31.7,26.7,42.2,38.2,20,34.7,33.2,22.5,17.2,17.2,16.5,15.1,26.1,37.2,20.1,34.2
1997:Q2,01/06/1997,age40to54,36.1,36.1,36.1,36.2,36.1,30.6,26.3,30.7,26.8,27.5,24.7,32.1,37.9,20,34.9,40.5,40.8,40.1,38.8,43,43,45.1,37.7,40.9,39.6,41.2,35
1997:Q2,01/06/1997,ageunder40,13.9,21.2,19.7,26.2,10.6,17.5,9,6.6,6.2,5.2,9.1,4.7,5.3,3.6,7.1,27.1,12.1,12.7,24.3,36.4,36.4,35.5,44.8,27.9,5.9,26.9,10.3
1997:Q3,01/09/1997,age70plus,17.7,16.4,17.7,12.1,18.3,25.8,32.9,23.8,30.2,29.8,31.6,32.5,31.4,34.8,19.3,12,12.1,13.4,13.8,3.5,3.5,2.9,2.4,6.7,18.4,11.5,20
1997:Q3,01/09/1997,age55to69,32.4,26.2,26.3,25.7,35.1,24.9,32.2,38.8,36.6,37.7,33.2,29.2,23.1,42.3,39.2,20,35.1,33.8,22.8,17.4,17.4,16.5,15.8,24.9,37.4,19.9,34.8
1997:Q3,01/09/1997,age40to54,36.1,36.5,36.5,36.3,35.9,31.5,25.7,30.5,26.7,27.2,25.3,33,39.4,19.4,34.5,40.4,40.6,39.8,38.9,43.2,43.2,45.7,37.1,41.2,38.3,41.2,34.9
1997:Q3,01/09/1997,ageunder40,13.9,21,19.5,25.9,10.7,17.8,9.3,6.8,6.5,5.3,9.9,5.3,6.1,3.5,7.1,27.6,12.2,12.9,24.5,35.9,35.9,34.9,44.8,27.2,5.8,27.5,10.3
1997:Q4,01/12/1997,age70plus,18,17.3,18.8,12,18.3,25.4,33.6,22.9,29.9,29.6,30.8,32.3,31,35.5,19.4,11.9,12.1,13.3,13.6,3.8,3.8,3.2,2.5,5.5,18.7,11.5,20.3
1997:Q4,01/12/1997,age55to69,32.3,26.3,26.4,25.7,35,25.5,31.5,39.8,37.5,38.6,34.4,29,23.4,42.4,38.8,20,35.1,33.7,22.8,18.1,18.1,17.8,15.7,24.3,35.9,19.9,34.6
1997:Q4,01/12/1997,age40to54,35.9,36.1,35.9,36.7,35.8,31.8,24.6,30.3,26.5,26.8,25.4,33,39,18.7,34.6,40.5,40.6,39.7,39,42.3,42.3,44.3,37.2,41.6,39.6,41.1,34.8
1997:Q4,01/12/1997,ageunder40,13.8,20.4,18.9,25.7,10.9,17.3,10.4,7.1,6.2,5.1,9.4,5.6,6.6,3.4,7.3,27.7,12.2,13.3,24.6,35.8,35.8,34.8,44.5,28.6,5.8,27.5,10.3
1998:Q1,01/03/1998,age70plus,17.3,17.1,18.8,11.2,17.3,21.6,33.2,21.4,27.8,28.7,25.1,35.9,35.8,36.2,18.4,10.6,11.8,11.7,11.8,3.8,3.8,3.3,1.9,5.3,19.3,10.2,19.3
1998:Q1,01/03/1998,age55to69,33.2,26.5,26.6,26.3,36.1,26.2,32.3,41.3,38.6,39.5,36,23.2,16.1,42.6,40.4,20,35.5,35.4,23.3,18.7,18.7,17.9,17.5,22.9,35.1,19.1,35.5
1998:Q1,01/03/1998,age40to54,35.8,36.3,36.1,36.8,35.6,34,25,29.9,26.2,26.1,26.6,34.3,40.3,18,34,39.8,40.4,39.2,39.3,42.3,42.3,44.9,35.6,42.3,39.9,41.2,34.8
1998:Q1,01/03/1998,ageunder40,13.7,20.2,18.6,25.8,11,18.1,9.6,7.4,7.4,5.6,12.3,6.6,7.8,3.2,7.2,29.6,12.4,13.6,25.6,35.2,35.2,33.9,45,29.5,5.8,29.6,10.4
1998:Q2,01/06/1998,age70plus,17.3,17.4,19.2,10.9,17.2,20.2,33.1,20.3,26.9,28.4,23,35.9,35.6,37,18.5,10.4,11.8,11.6,11.8,3.9,3.8,3.4,2,5.7,19.9,10.8,19.4
1998:Q2,01/06/1998,age55to69,33.4,26.6,26.6,26.5,36.3,27.2,32.6,42.3,39.9,40.8,37.6,22.7,15.9,43,40.1,19.8,35.7,35.5,23.5,19,18.9,18.3,17.5,20.6,34.8,19,35.6
1998:Q2,01/06/1998,age40to54,35.7,36.2,36,37.1,35.5,34.8,25.1,29.8,26.4,25.3,29.1,34.1,39.9,17,34,40,40.2,38.8,39.1,42.1,42.2,44.6,35.6,43.5,39.6,41,34.7
1998:Q2,01/06/1998,ageunder40,13.7,19.9,18.3,25.5,11,17.8,9.3,7.6,6.9,5.5,10.4,7.2,8.6,3,7.4,29.8,12.4,14.1,25.6,35,35.1,33.7,44.8,30.2,5.7,29.2,10.4
1998:Q3,01/09/1998,age70plus,17.5,16.5,17.9,11.6,17.9,20.5,33.2,18.2,28.8,29.7,26.2,30.8,28.8,37.8,19.6,11.2,12,13.2,14.2,3.8,3.8,3.2,2.5,5.4,19.7,11,19.7
1998:Q3,01/09/1998,age55to69,32.8,26.7,26.7,26.7,35.5,29.1,32.7,44.5,41.2,41.5,40.5,31.9,28.5,43.6,37.4,19.6,35.8,33.1,23.9,17.8,17.8,17.3,16.2,17.4,33.2,19.4,35.2
1998:Q3,01/09/1998,age40to54,36,37.1,37.1,37.3,35.5,33.6,24.6,29.4,26,24.5,30.1,30.1,34.3,15.7,35,41.2,40.1,38.9,38,44.4,44.4,47.1,37.4,45.3,41.4,41.4,34.7
1998:Q3,01/09/1998,ageunder40,13.7,19.7,18.3,24.4,11,16.7,9.5,8,4,4.3,3.3,7.2,8.5,2.9,8,27.9,12.1,14.8,24,34,34,32.4,44,31.9,5.7,28.3,10.4
1998:Q4,01/12/1998,age70plus,16.5,17,18.8,10.5,16.3,17.8,34,18.6,24,26.2,17.6,40.1,40.7,38.1,17.4,9.1,11.2,9.8,8.8,3.8,3.8,3.3,2,5.3,19.8,5.2,18.5
1998:Q4,01/12/1998,age55to69,33.8,26.6,26.6,26.8,36.9,27.7,31.1,43.6,42.4,42.6,41.8,18,10.8,42.1,40.9,20.2,35.7,37.6,23.6,18.8,18.8,18.1,17.9,20.8,33.6,17.4,36.1
1998:Q4,01/12/1998,age40to54,36,36.8,36.6,37.5,35.6,36.3,24,30,25.8,25.6,26.3,34.5,39.6,17.2,34,39.7,40.9,39.1,40.4,42.6,42.6,45.3,35.3,43.7,41.1,42.5,35
1998:Q4,01/12/1998,ageunder40,13.7,19.6,18,25.2,11.2,18.2,10.9,7.8,7.8,5.6,14.3,7.4,8.9,2.6,7.7,31,12.1,13.6,27.2,34.8,34.8,33.3,44.8,30.2,5.5,34.8,10.4
1999:Q1,01/03/1999,age70plus,16.4,16.5,18.2,10.4,16.4,18.4,32.8,19.5,24.2,26.3,18.8,42.1,43.2,38.4,18,9.2,11.2,10,8.5,3.6,3.6,3.1,1.8,6.2,19.9,8,18.4
1999:Q1,01/03/1999,age55to69,33.6,26.6,26.6,26.8,36.6,26.8,31.5,42.3,40.5,41.1,38.7,14.1,5.9,40.9,40.6,19.9,35.3,38.7,23.1,18.6,18.6,17.6,18.4,22.8,34.1,17.9,35.9
1999:Q1,01/03/1999,age40to54,36.4,37.2,37.1,37.6,36.1,36.3,26.4,30.6,26.6,26.6,26.6,36.6,42.3,18.3,33.8,39.5,41.5,38.6,41.1,42.9,42.9,45.9,34.8,42.7,40.7,41.9,35.4
1999:Q1,01/03/1999,ageunder40,13.6,19.6,18.1,25.1,10.9,18.5,9.4,7.5,8.7,6,15.9,7.2,8.6,2.4,7.5,31.4,12,12.7,27.3,34.9,34.9,33.4,45,28.4,5.2,32.2,10.2
1999:Q2,01/06/1999,age70plus,16.3,16.7,18.5,10.1,16.1,17.5,32,20.6,23.5,25.6,17.7,45,47,38.7,17.7,8.9,11.1,9.5,7.1,3.7,3.7,3.1,1.7,6.5,20.8,7.2,18.2
1999:Q2,01/06/1999,age55to69,33.8,26.6,26.5,26.8,37,26.3,31.4,40.6,39.9,40.7,37.8,9.5,0,39.8,41.7,19.7,35,40.5,22.8,19,19,17.8,18.8,24.2,36.2,17.3,36.1
1999:Q2,01/06/1999,age40to54,36.6,37.3,37.1,37.8,36.3,37.1,28.1,31.6,26.7,27.3,25.1,38.4,44.4,19.3,33.3,39.2,42.1,38.2,42,42.1,42.1,45.1,34.3,42.1,38,42.1,35.7
1999:Q2,01/06/1999,ageunder40,13.3,19.5,17.9,25.3,10.7,19.2,8.5,7.2,9.9,6.5,19.4,7.1,8.6,2.2,7.3,32.2,11.8,11.8,28.1,35.2,35.2,33.9,45.3,27.2,4.9,33.3,9.9
1999:Q3,01/09/1999,age70plus,16.9,16.3,17.8,10.7,17.2,20.4,32,21.4,26.6,27.4,24.2,42,42.9,39,19.2,10.2,11.4,12.2,10.2,3.7,3.7,3,2,7.6,20.8,8.1,19.1
1999:Q3,01/09/1999,age55to69,32.9,26.5,26.5,26.5,35.8,25.8,30.7,39.5,37.6,38.5,35.2,14,6.6,38.9,40.1,19.2,34.6,38.4,22.1,18.3,18.3,17.3,17.7,25,36.5,17.9,35.2
1999:Q3,01/09/1999,age40to54,36.9,37.8,37.8,38.1,36.5,35.4,27.9,32.2,27.2,28,25.1,37.6,42.9,20.1,33.4,40.1,42.5,38,41.3,43.2,43.2,46.2,35.5,41.8,37.9,42.4,35.9
1999:Q3,01/09/1999,ageunder40,13.2,19.4,17.9,24.7,10.5,18.4,9.5,7,8.6,6.1,15.5,6.4,7.7,2,7.4,30.6,11.5,11.3,26.4,34.8,34.8,33.5,44.7,25.6,4.7,31.7,9.8
1999:Q4,01/12/1999,age70plus,16.6,16.4,18.2,9.8,16.7,18.2,34,21.4,24.3,25.1,20.4,47,49,39.3,18,9.6,11.2,10.8,9.1,4,4,3.3,1.7,8.3,22.2,8.3,18.6
1999:Q4,01/12/1999,age55to69,33.7,26.5,26.5,26.7,36.8,25.5,27.5,39.4,39.2,39.9,35.5,8.1,0,38.1,42.6,18.9,34.4,41.4,22.9,19.2,19.2,17.7,18.8,25.6,39.2,17.1,36
1999:Q4,01/12/1999,age40to54,36.5,37.8,37.7,38.2,35.9,37.3,24.8,32.3,26.4,28,19.1,38.4,43.1,20.7,32.4,39.6,42.8,37.2,40.4,42.5,42.5,46.1,34,41.6,34,41.9,35.5
1999:Q4,01/12/1999,ageunder40,13.2,19.3,17.7,25.2,10.7,19,13.6,6.9,10.1,7,25,6.6,7.9,1.8,7,31.9,11.5,10.7,27.6,34.4,34.4,32.9,45.5,24.5,4.5,32.6,10
2000:Q1,01/03/2000,age70plus,16.7,16.3,18,9.8,16.9,18.7,31,21.8,25.4,25.9,22.7,48.4,50.4,39.8,18.4,10.1,11.4,11.9,10.3,4.4,4.4,3.6,1.6,8.6,23.9,6,18.6
2000:Q1,01/03/2000,age55to69,33.8,26.5,26.4,26.7,37,25.2,30.8,38.8,38,38.7,34,6.9,0,37.1,42.8,18.3,34.2,41.5,22.8,19.5,19.5,17.6,19,26.2,42.4,16.5,36
2000:Q1,01/03/2000,age40to54,36.7,38.1,38.1,38.4,36.1,37.2,29,32.6,26.6,28.2,17.8,38.2,42,21.7,32,39.9,43.1,36.4,40.3,42.8,42.8,47.1,33.8,41.5,29.4,42.6,35.8
2000:Q1,01/03/2000,ageunder40,12.8,19.1,17.5,25.1,10,18.9,9.3,6.8,10,7.2,25.5,6.4,7.6,1.4,6.8,31.7,11.3,10.3,26.6,33.3,33.3,31.7,45.6,23.7,4.4,34.9,9.6
2000:Q2,01/06/2000,age70plus,17.4,16.4,18.1,10.1,17.9,20.6,29.9,22.8,27.5,27.6,27,46.5,47.9,40.2,19.9,11.1,11.9,13.9,12.3,4.4,4.4,3.6,1.8,9.5,23.3,6.8,19.5
2000:Q2,01/06/2000,age55to69,32.9,26.3,26.3,26.5,35.9,24.9,31.3,37.5,36.1,37,32,7.9,1.1,36,41,17.7,33.8,40.3,22.1,19.2,19.2,17.6,18.3,26.5,41.3,16.8,35.1
2000:Q2,01/06/2000,age40to54,37,38.3,38.2,38.6,36.4,36.2,30.3,33.2,26.9,28.4,19.3,39.5,43.5,22.7,32.1,40.5,43.3,35.8,40.1,43.2,43.2,47.2,34.5,41.4,31.3,42.7,36
2000:Q2,01/06/2000,ageunder40,12.7,18.9,17.4,24.8,9.9,18.3,8.4,6.6,9.5,7,21.7,6.2,7.4,1.1,6.9,30.7,11,10,25.5,33.2,33.2,31.6,45.3,22.6,4.2,33.6,9.4
2000:Q3,01/09/2000,age70plus,17.5,15.9,17.4,10.3,18.2,21.1,31,22.7,28.1,28.1,28,45.8,46.9,40.7,20.3,11.3,11.9,14.6,12.5,4.4,4.4,3.6,2.1,10.6,23.2,6.5,19.6
2000:Q3,01/09/2000,age55to69,32.6,26.3,26.3,26.5,35.5,24.9,29.7,37.4,35.6,36.4,32.4,9.6,3.9,35,40.6,17.6,33.7,39.8,21.7,18.6,18.6,17,17.7,26.6,41.4,16.8,34.9
2000:Q3,01/09/2000,age40to54,37.1,38.9,38.9,38.7,36.3,35.7,28.8,33.4,26.9,28.5,20.2,38.8,42.2,23.6,32,40.9,43.6,35.9,40.2,44.2,44.2,48.5,35.1,41.3,31.3,43.1,36
2000:Q3,01/09/2000,ageunder40,12.7,18.9,17.5,24.5,9.9,18.3,10.5,6.5,9.3,6.9,19.3,5.8,7,0.7,7,30.2,10.7,9.7,25.6,32.9,32.9,31,45.1,21.4,4.1,33.6,9.5
2000:Q4,01/12/2000,age70plus,18.3,16.6,18,10.9,19.1,23.8,31.5,22.4,29,28.3,31.6,42.7,43,41.2,21.8,12.1,12.2,16.1,14.6,4.3,4.3,3.6,2.6,10.6,21.9,9.6,20.6
2000:Q4,01/12/2000,age55to69,31.8,26.2,26.2,26.1,34.5,25,29.1,37.8,36.2,36.9,33.2,16.3,12.7,34,38.3,17.5,33.5,38.2,21.9,18.2,18.2,17.4,16.2,27.2,39,17.8,34
2000:Q4,01/12/2000,age40to54,37.3,38.7,38.7,39,36.6,33.8,27.8,33.3,27,28.5,20.5,36,38.3,24.4,32.5,41.8,43.9,36.2,39.3,44.1,44.1,47.4,36.8,41.2,35.1,42.8,36.1
2000:Q4,01/12/2000,ageunder40,12.7,18.5,17.1,24.1,9.9,17.4,11.5,6.6,7.8,6.2,14.7,5,6,0.4,7.4,28.6,10.4,9.5,24.2,33.4,33.4,31.6,44.4,21,3.9,29.7,9.3
2001:Q1,01/03/2001,age70plus,18.6,17.2,18.5,11.7,19.3,26.3,31.6,21.2,31,30.2,33.3,39,38.5,41.7,22.1,12.5,12.2,16.7,15.4,4.2,4.2,3.6,2.9,12.3,20.4,8.8,20.9
2001:Q1,01/03/2001,age55to69,31.3,25.9,25.9,25.7,34.1,25.6,30,39.1,35.7,35.5,36.4,22.9,20.7,33.4,36.8,18.1,33.5,37.1,22.3,17.7,17.7,17.5,14.9,27.2,36.2,18.3,33.5
2001:Q1,01/03/2001,age40to54,37.6,38.7,38.6,39.2,37,31.6,27.5,32.9,27,28.8,21.7,33.8,35.7,24.7,33.1,42.8,44.4,37.1,39.3,44.7,44.7,47.1,38.8,41,39.6,43.7,36.4
2001:Q1,01/03/2001,ageunder40,12.6,18.3,17,23.4,9.7,16.5,10.8,6.8,6.3,5.5,8.6,4.2,5.1,0.3,8,26.5,9.8,9.2,23,33.4,33.4,31.8,43.4,19.6,3.8,29.2,9.1
2001:Q2,01/06/2001,age70plus,17.9,17,18.3,11.5,18.4,24.4,31.5,20.8,29.2,29.2,29.1,41.2,41,42.2,20.6,11.2,11.8,15.2,13.3,4,3.9,3.4,2.7,13.4,20.3,7.5,20.2
2001:Q2,01/06/2001,age55to69,32,26,26,25.8,35.1,26.1,30.7,39.4,37.7,36.5,41.1,21,18.5,32.7,38.4,19,33.8,38.9,23.2,17.8,17.8,17.3,15.6,27.3,36.6,17.6,34.3
2001:Q2,01/06/2001,age40to54,37.7,38.9,38.8,39.2,37.1,32.3,28.3,33,26.4,28.6,20,33.7,35.5,24.9,32.8,42.5,44.7,37.4,39.9,44.5,44.5,46.9,38.4,40.7,39.4,44.2,36.6
2001:Q2,01/06/2001,ageunder40,12.4,18.2,16.9,23.5,9.5,17.2,9.4,6.8,6.7,5.6,9.8,4.2,5,0.2,8.2,27.2,9.6,8.5,23.6,33.8,33.8,32.4,43.3,18.6,3.7,30.8,8.9
2001:Q3,01/09/2001,age70plus,18.2,16.8,17.8,12.4,19,29,32.3,20.4,30.4,29.6,32.9,37.7,36.7,42.7,21.6,11.6,12.1,16.4,14.8,4.4,4.4,3.5,3.2,13.4,22.3,11.1,20.7
2001:Q3,01/09/2001,age55to69,31.4,26,26.1,25.5,34.4,26.4,30.5,40,38.8,37.2,44.4,30,29.6,32,36.1,19.6,33.9,37.4,23.7,17.5,17.5,17,13.9,28,40.4,19.2,33.9
2001:Q3,01/09/2001,age40to54,38,39.2,39.2,39.3,37.3,28.9,27.6,32.8,26.2,28.5,18.6,29.2,29.9,25.2,33.4,43.5,45,38,39.5,45.6,45.6,48.1,41,40.2,33.6,43.8,36.7
2001:Q3,01/09/2001,ageunder40,12.3,18,16.9,22.8,9.2,15.7,9.6,6.9,4.6,4.7,4.1,3.2,3.7,0.1,8.9,25.3,9.1,8.2,22.1,32.5,32.5,31.4,41.8,18.4,3.7,25.9,8.8
2001:Q4,01/12/2001,age70plus,17.8,16.9,18,12.3,18.2,23.7,34.9,19.9,29.6,30.2,27.9,40.7,40.3,42.9,19.6,11.2,11.8,14.3,12.6,3.9,3.9,3.1,3.4,16.5,20.6,9.8,20.2
2001:Q4,01/12/2001,age55to69,32.2,26.3,26.4,25.9,35.3,27.1,27.6,40.9,39.1,36.7,45.5,25.5,24,33,38.6,21,34.6,39.1,24,17.4,17.4,17.1,14.8,26.7,37.8,19.2,34.7
2001:Q4,01/12/2001,age40to54,37.5,38.8,38.7,38.9,36.9,31.7,24.3,32.3,25.7,28.1,19.4,30.3,31.5,23.8,33.3,42.1,44.6,38.4,39.6,44.6,44.6,46.8,39.4,40,38.2,43.6,36.3
2001:Q4,01/12/2001,ageunder40,12.5,18,16.9,22.9,9.6,17.5,13.2,6.9,5.6,4.9,7.2,3.6,4.2,0.3,8.5,25.8,8.9,8.2,23.8,34.1,34.1,32.9,42.4,16.8,3.5,27.4,8.8
2002:Q1,01/03/2002,age70plus,18,17.3,18.3,12.7,18.4,22.2,34.2,20.5,30.8,31.5,28.9,40.3,39.8,43,19.6,12.3,11.9,14.5,13.6,4.2,4.2,3.4,3.6,18.4,20.6,10.6,20.4
2002:Q1,01/03/2002,age55to69,32.4,26.6,26.7,26,35.6,27.4,29.1,40.6,38.2,36,43.7,25.7,24,34,38.7,21.7,35.3,38.8,24.2,18,18,17.8,15.2,25.9,37.8,20.3,34.9
2002:Q1,01/03/2002,age40to54,37.2,38.3,38.2,38.6,36.7,32,24.4,32.1,25.5,27.7,19.8,30.2,31.9,22.4,33.5,41.5,44,38.3,38.9,44.3,44.3,46.5,38.9,39.6,38.1,43,36
2002:Q1,01/03/2002,ageunder40,12.4,17.9,16.8,22.7,9.3,18.5,12.3,6.8,5.6,4.8,7.6,3.7,4.3,0.6,8.2,24.5,8.7,8.4,23.3,33.6,33.6,32.3,42.3,16.1,3.5,26.2,8.7
2002:Q2,01/06/2002,age70plus,18.5,17.7,18.5,13.8,19,24.6,31.3,21.2,33.8,34,33.3,35.8,34.1,43.3,20.5,14.5,12.5,16.1,17,4.4,4.4,3.6,4.5,20.8,20.1,11.7,21
2002:Q2,01/06/2002,age55to69,32.3,26.8,27.1,25.9,35.4,27.6,32.6,40.2,36.8,34.7,41.2,31.6,30.9,34.9,37.2,22.5,35.8,36.6,24.9,18,18,18.4,13.9,25,36.9,22.1,34.9
2002:Q2,01/06/2002,age40to54,37.4,37.8,37.7,38.3,37.1,29.7,29,32,25.7,27.3,22.4,29.3,31.2,21.2,34.1,41.7,43.5,38.5,37.6,44.4,44.4,46,40.5,39.2,39.6,42.7,36.1
2002:Q2,01/06/2002,ageunder40,11.8,17.7,16.7,22,8.5,18.1,7,6.6,3.7,4,3.1,3.3,3.9,0.7,8.1,21.4,8.3,8.8,20.6,33.2,33.2,32,41.1,15,3.4,23.6,8
2002:Q3,01/09/2002,age70plus,19.1,17.3,17.8,14.9,20.2,28,32.5,21.8,36.8,36.6,37.2,30.7,27.7,43.5,22.2,16.5,13.1,17.7,19.2,4.4,4.4,3.4,5.4,22.3,19.6,15.1,21.9
2002:Q3,01/09/2002,age55to69,31.8,27.2,27.5,25.9,34.6,27.8,31.8,40,35.3,33.2,39.1,39.2,40.1,35.7,34.4,23.2,36.3,34.4,24.8,17.3,17.3,18,12.5,24.5,36.6,24.4,34.5
2002:Q3,01/09/2002,age40to54,37.2,37.9,37.9,37.9,36.8,26.8,26.8,31.7,25.8,26.9,23.7,27.3,29,19.9,35.1,42,42.9,38.8,36.6,45.3,45.3,46.5,42.3,38.7,40.5,41.9,35.7
2002:Q3,01/09/2002,ageunder40,11.9,17.6,16.8,21.2,8.4,17.4,8.9,6.5,2.1,3.3,0,2.8,3.2,0.9,8.3,18.3,7.8,9.2,19.4,33,33,32.1,39.8,14.5,3.3,18.6,7.9
2002:Q4,01/12/2002,age70plus,18.9,16.9,17.4,15,20.1,26.1,34.6,21.7,36.3,37.4,34.9,31.9,29.1,43.7,21.4,16.4,13.2,16.9,18.4,4.4,4.3,3.3,5.5,23.9,19.9,14.4,21.7
2002:Q4,01/12/2002,age55to69,32.2,27.5,27.8,26.3,35,27.9,29.5,40.6,35.5,33,38.9,37.7,37.9,36.6,35.5,24.4,37,35,25.1,17.4,17.4,17.9,13.5,24.1,37.6,24.8,35
2002:Q4,01/12/2002,age40to54,36.9,37.8,37.9,37.5,36.3,27.9,24.2,31.1,26.2,26.3,26.2,27.5,29.6,18.6,35.1,40.8,42.2,38.8,36.4,45.3,45.3,46.9,41.2,38.2,39.3,41.5,35.3
2002:Q4,01/12/2002,ageunder40,12,17.7,17,21.2,8.6,18,11.7,6.6,2,3.3,0,2.9,3.4,1.1,8,18.4,7.6,9.3,20.2,32.9,33,31.9,39.8,13.8,3.3,19.2,8.1
2003:Q1,01/03/2003,age70plus,19.3,17.4,17.8,15.5,20.4,26.7,33.8,22.4,38,38.9,36.8,30.2,26.9,43.9,22.1,17.5,13.4,17.3,19.4,4.5,4.4,3.4,5.7,25,20.7,18,22.1
2003:Q1,01/03/2003,age55to69,32.3,27.8,28.1,26.4,35.1,28,31.4,40.2,34.8,32.3,38.5,40.5,41.3,37.2,34.5,25.2,37.7,34.4,25.5,18.1,18,18.4,13.9,24,39.4,26.4,35.1
2003:Q1,01/03/2003,age40to54,36.5,37.2,37.2,37.1,36,27.1,24.5,30.9,25.3,25.7,24.8,26.5,28.7,17.6,35.5,40.4,41.5,38.7,35.8,44.5,44.5,45.9,41.1,37.6,36.6,40.3,35
2003:Q1,01/03/2003,ageunder40,11.9,17.6,16.9,20.9,8.4,18.1,10.3,6.5,1.9,3.1,0,2.8,3.1,1.2,7.8,16.9,7.4,9.6,19.3,33,33,32.3,39.3,13.4,3.3,15.3,7.9
2003:Q2,01/06/2003,age70plus,19,17.4,17.8,15.3,20,24.5,33.3,23,37.5,38.9,35.2,33,30.8,44.1,21.1,17.7,13.3,16.5,18.9,4.7,4.7,3.4,5.5,25.9,24,17.6,21.8
2003:Q2,01/06/2003,age55to69,33.1,28.1,28.3,26.9,36.1,27.9,32.2,40,34.9,32.8,38.3,39.5,39.8,38,36.7,26.1,38.5,35.6,26,19.1,19.1,18.7,15.4,24.2,46.1,26.6,35.8
2003:Q2,01/06/2003,age40to54,36.1,36.9,36.9,36.6,35.6,28.6,25.3,30.6,24.4,24.9,23.8,24.6,26.2,16.5,34.9,39.3,40.8,38.2,35.6,43.4,43.4,45.7,39.4,36.8,26.5,39.7,34.6
2003:Q2,01/06/2003,ageunder40,11.8,17.7,16.9,21.1,8.3,18.9,9.2,6.4,3.2,3.5,2.7,2.9,3.2,1.4,7.3,17,7.5,9.7,19.6,32.7,32.8,32.2,39.7,13.1,3.4,16.1,7.7
2003:Q3,01/09/2003,age70plus,18.8,17,17.3,15.6,19.9,23.7,33.6,23.5,37.8,38.9,35.6,32.7,30.4,44.3,20.6,18.4,13.4,16.2,19,4.8,4.7,3.5,5.8,27.1,23.7,17.5,21.6
2003:Q3,01/09/2003,age55to69,33.5,28.4,28.6,27.3,36.6,28,32,39.8,35.3,33.7,38.5,39.4,39.5,38.6,37.5,27,39.2,35.7,26.4,19,19,18.6,15.8,24.4,45.7,27.3,36.4
2003:Q3,01/09/2003,age40to54,35.8,36.8,37,36.2,35.3,28.6,25.1,30.5,23.5,24.1,22.2,24.9,26.8,15.7,34.9,38.6,40.1,38.1,35.2,44.2,44.2,46.7,38.9,36.1,27.2,39.2,34.2
2003:Q3,01/09/2003,ageunder40,11.8,17.8,17.1,20.9,8.2,19.7,9.3,6.3,3.5,3.3,3.7,3,3.3,1.3,7.1,16,7.3,9.9,19.5,32.1,32.1,31.3,39.5,12.4,3.4,16.1,7.8
2003:Q4,01/12/2003,age70plus,18.6,16.6,16.9,15.4,19.7,22.1,35,24,36.5,38.1,33.4,34.9,32.9,44.5,19.7,18.6,13.3,15.4,18,4.6,4.6,3.4,5.7,25.9,22.5,16.4,21.3
2003:Q4,01/12/2003,age55to69,34.2,28.8,29,27.8,37.3,27.9,30.5,39.5,36.1,35.1,37.9,35.1,34.2,39.4,39.1,27.8,40,36.8,26.6,19,19,18.4,17,26.2,44.4,27.3,37.1
2003:Q4,01/12/2003,age40to54,35.5,36.9,37.1,35.7,34.6,29.7,23.3,30.3,23.4,23.2,23.7,26.6,29.1,14.8,34.5,37.4,39.3,37.6,35.1,44.1,44.1,46.7,37.5,34.7,29.7,38.8,33.8
2003:Q4,01/12/2003,ageunder40,11.8,17.7,17,21,8.4,20.3,11.2,6.2,4.1,3.5,5,3.5,3.9,1.3,6.7,16.2,7.3,10.2,20.3,32.4,32.4,31.5,39.8,13.2,3.3,17.6,7.9
2004:Q1,01/03/2004,age70plus,18.7,16.8,17.1,15.6,19.8,21.8,33.9,24.4,34,34.2,33.5,34.7,32.7,44.6,19.4,19.3,13.4,15.3,18.2,4.7,4.7,3.4,5.8,26.5,23.5,16.4,21.3
2004:Q1,01/03/2004,age55to69,34.7,28.9,29.1,28.1,38.1,27.9,32.1,39.2,39.8,40.7,37.5,36.8,36.1,40.5,39.6,28.7,40.8,36.7,27.1,19.3,19.3,18.6,17.6,27.4,46.6,27.9,37.6
2004:Q1,01/03/2004,age40to54,35,36.5,36.8,35.4,34.1,29.5,24.5,30.2,22.7,22.1,24.4,25,27.3,13.5,34.5,36.6,38.6,37.4,34.9,43.8,43.8,46.6,37,33.6,26.5,38.2,33.4
2004:Q1,01/03/2004,ageunder40,11.5,17.7,17.1,20.9,8,20.7,9.5,6.1,3.5,3.1,4.6,3.5,3.9,1.4,6.6,15.5,7.1,10.5,19.8,32.2,32.2,31.4,39.6,12.5,3.4,17.5,7.7
2004:Q2,01/06/2004,age70plus,18.5,16.3,16.4,15.8,19.8,21.2,33.6,24.9,35,35.4,34,34.5,32.5,44.6,19.4,20.1,13.5,15.1,17.9,4.8,4.7,3.4,6,26.7,24.3,18.6,21.1
2004:Q2,01/06/2004,age55to69,34.9,29.2,29.3,28.5,38.2,28,32.4,38.8,39.4,40.1,37.4,38.2,37.5,41.7,39.2,29.5,41.6,36.5,27.5,19.2,19.2,18.2,18,29.2,48.6,28.7,37.9
2004:Q2,01/06/2004,age40to54,35,36.8,37.1,35,34,29.3,25,30.2,22.1,21.4,23.9,23.8,26,12.3,34.9,35.8,37.9,37.4,35,44.5,44.5,47.8,36.5,32.2,23.6,37.1,33.2
2004:Q2,01/06/2004,ageunder40,11.6,17.8,17.2,20.7,8,21.5,9,6.1,3.5,3.1,4.7,3.5,4,1.4,6.5,14.7,7,11,19.6,31.5,31.5,30.5,39.5,11.8,3.5,15.7,7.8
2004:Q3,01/09/2004,age70plus,18.7,16.5,16.5,16.3,20,21.8,32.9,25.5,35.9,36,35.4,32.3,29.8,44.5,19.9,21.5,13.8,15.5,18.3,4.8,4.8,3.5,6.4,27.3,24.5,20.6,21.3
2004:Q3,01/09/2004,age55to69,35,29.4,29.6,28.6,38.3,27.8,32.7,38.2,39.2,40.3,36.2,40.5,40,43,38.6,30,42.4,35.8,27.7,19.5,19.5,18.6,17.9,31.5,49.9,29.3,37.9
2004:Q3,01/09/2004,age40to54,34.9,36.7,37.1,34.7,33.8,28.5,26,30.3,21.9,20.7,25.1,23.4,26,11.1,35.2,35.2,37.1,37.1,34.9,44.1,44.1,47.3,36.3,30.8,22.1,36,33.1
2004:Q3,01/09/2004,ageunder40,11.4,17.4,16.8,20.4,7.9,21.9,8.4,6,3,2.9,3.2,3.7,4.2,1.4,6.4,13.3,6.7,11.7,19.1,31.6,31.7,30.7,39.4,10.5,3.5,14.1,7.6
2004:Q4,01/12/2004,age70plus,18.7,16.3,16.4,15.6,20.2,22.1,34.9,25.8,34.3,34.3,34.6,33.1,31.1,44,20.2,21,13.7,15.6,18.6,4.9,4.8,3.5,6,27.1,26.5,19.5,21.4
2004:Q4,01/12/2004,age55to69,35.2,29.5,29.6,29.1,38.5,28.2,31,38.7,40.4,41.6,36.3,39.9,39.5,42.4,39.5,30.4,42.3,36.6,27.8,20.1,20.1,19,18.8,28.9,51.6,29.8,38.1
2004:Q4,01/12/2004,age40to54,34.4,36.6,36.9,34.5,33.2,29.1,22.6,29.7,21.5,21.1,22.9,23.3,25.6,11.3,34.3,35.3,37.1,36.7,34,43.7,43.8,47.2,35.9,32.5,18.5,36.2,32.7
2004:Q4,01/12/2004,ageunder40,11.6,17.6,17,20.8,8.1,20.6,11.5,5.8,3.7,3,6.2,3.6,3.9,2.3,6,13.3,6.9,11.2,19.6,31.3,31.3,30.4,39.3,11.5,3.4,14.5,7.9
2005:Q1,01/03/2005,age70plus,18.9,16.4,16.6,15.4,20.4,23.4,33,26.2,35.1,35,35.1,30,27.3,43.4,21.1,21,13.7,16.4,20.4,4.5,4.5,3.2,5.6,26.9,27,19.7,21.6
2005:Q1,01/03/2005,age55to69,35.3,29.6,29.6,29.3,38.7,28.9,34.1,38.9,39.3,40.3,36.1,42.7,42.9,42.1,39.1,30.9,42.2,36.3,28.4,20.6,20.6,19.4,19.3,27,51.9,30.8,38.1
2005:Q1,01/03/2005,age40to54,34.5,36.3,36.7,34.4,33.4,28.2,24.9,29.3,22,21.7,23,24,26.4,11.5,34.1,35.8,37.2,36.5,33,42.9,43,46,36.2,33.9,17.8,36.3,32.9
2005:Q1,01/03/2005,ageunder40,11.4,17.7,17.1,20.9,7.6,19.6,8.1,5.7,3.6,3,5.8,3.3,3.4,3,5.8,12.4,6.8,10.8,18.3,32,32,31.5,38.8,12.2,3.3,13.2,7.5
2005:Q2,01/06/2005,age70plus,19.1,16.7,17,15.1,20.5,23.8,33.2,26.4,34.6,34.5,34.9,28.4,25.6,42.8,21.6,20.8,13.7,16.7,20.9,4.5,4.5,3.2,5.4,25.6,27.4,20.7,21.8
2005:Q2,01/06/2005,age55to69,35.4,29.7,29.8,29.4,38.8,29.5,34.3,39.1,39.4,40.4,36,44.1,44.5,41.8,39.1,31.4,42.2,36.4,28.6,21.4,21.4,20.5,19.7,26.3,51.4,31.6,38
2005:Q2,01/06/2005,age40to54,34.3,36,36.3,34.4,33.2,27.7,23.9,29,22.4,22.2,23.1,24.2,26.7,11.7,33.8,36,37.3,36.3,32.4,42,42,44.6,36.3,34.9,18.1,36,32.8
2005:Q2,01/06/2005,ageunder40,11.3,17.5,16.9,21.1,7.5,19,8.6,5.5,3.6,2.9,6,3.2,3.2,3.6,5.6,11.9,6.8,10.6,18.1,32.1,32.2,31.7,38.6,13.2,3.2,11.8,7.3
2005:Q3,01/09/2005,age70plus,19,16.5,16.8,14.8,20.5,23.7,33.4,26.5,34.9,34.8,35.1,27.6,24.6,42.3,21.8,20.6,13.5,16.8,21.2,4.4,4.3,3.1,5.2,24.3,27.7,18.5,21.8
2005:Q3,01/09/2005,age55to69,35.5,29.8,29.8,29.7,38.9,30.1,34.6,39.5,38.8,39.5,36.1,43.7,44.1,41.5,39.5,31.7,42.1,36.7,28.9,21.6,21.6,20.7,20.1,25.9,50.8,31.7,38.1
2005:Q3,01/09/2005,age40to54,34.2,36.1,36.4,34.2,33.1,27.5,22.7,28.6,22.4,22.7,21.6,25.5,28.1,12.1,33.4,36.2,37.4,36,31.9,42,42,44.5,36.2,35.8,18.5,36.3,32.7
2005:Q3,01/09/2005,ageunder40,11.3,17.6,16.9,21.3,7.5,18.7,9.3,5.4,3.9,3,7.2,3.3,3.2,4.1,5.4,11.5,6.9,10.5,18,32.1,32.1,31.6,38.6,14.1,3,13.5,7.4
2005:Q4,01/12/2005,age70plus,19,16.3,16.6,14.5,20.7,24.2,34.2,26.4,34.7,34.7,34.5,26.2,23.1,41.7,22.3,20.5,13.5,17.1,21.4,4.3,4.2,3.1,5.1,22.6,27.5,17.1,21.8
2005:Q4,01/12/2005,age55to69,35.4,29.9,29.9,30,38.7,30.5,33.7,40.2,38.2,39.1,35.6,44,44.6,41.1,39.2,32.1,42.1,36.8,29.1,21.7,21.7,21,20.4,25.9,49,32,38
2005:Q4,01/12/2005,age40to54,34.1,36.1,36.5,34.1,32.9,27.3,21.2,28.1,23.2,23.2,23.3,26.4,29.1,12.8,33.2,36.3,37.5,35.8,31.4,42.2,42.2,44.6,36.1,36.5,20.6,36.5,32.6
2005:Q4,01/12/2005,ageunder40,11.5,17.7,17,21.4,7.7,18,10.9,5.4,3.9,3,6.6,3.4,3.2,4.4,5.3,11.2,6.9,10.4,18,31.8,31.8,31.2,38.4,15,2.9,14.4,7.6
2006:Q1,01/03/2006,age70plus,18.8,16.4,16.9,14.1,20.2,24.1,31.5,26.4,34.1,34.1,34.1,26,23.2,41.3,21.6,19.2,13.3,17.1,21.9,4.4,4.3,3.3,4.8,20.4,28.4,17,21.6
2006:Q1,01/03/2006,age55to69,36.2,30.2,30.2,30.2,39.7,31,37.3,40.4,38.4,39.2,35.7,43.9,44.6,40.4,40.8,32.6,42.1,37.3,29.8,22.6,22.6,22,20.9,26.4,49.2,32.3,38.8
2006:Q1,01/03/2006,age40to54,34,35.9,36.2,34.1,33,27.4,24,27.9,23.5,23.7,23.1,26.6,29,13.9,32.5,35.5,37.7,35.4,31,41.4,41.4,43.7,35.8,37.1,19.6,36.2,32.6
2006:Q1,01/03/2006,ageunder40,11,17.5,16.7,21.7,7.2,17.6,7.1,5.3,4,3,7.1,3.4,3.2,4.5,5.1,12.7,7,10.2,17.3,31.6,31.7,31.1,38.5,16.1,2.8,14.5,7.1
2006:Q2,01/06/2006,age70plus,18.7,16.3,16.7,14,20.2,24.7,29.9,26.3,34.8,34.9,34.4,24,21.2,40.7,22.3,19.2,13.2,17.4,22.6,4.3,4.2,3.2,4.7,18.2,28.9,17.4,21.6
2006:Q2,01/06/2006,age55to69,36.2,30.3,30.3,30.4,39.7,31.6,39.2,40.8,37.3,37.8,35.6,47.1,48.4,39.3,39.9,33,42.1,37.3,30.2,22.7,22.7,22.2,21,27,48.9,32.9,38.8
2006:Q2,01/06/2006,age40to54,34.2,35.8,36.2,34,33.2,26.6,26.1,27.6,24.2,24.3,23.9,25.7,27.4,15.5,32.6,35.6,37.8,35.1,30.6,41.4,41.5,43.6,36.1,37.7,19.6,36.1,32.8
2006:Q2,01/06/2006,ageunder40,10.9,17.6,16.8,21.7,6.9,17.1,4.8,5.2,3.7,2.9,6,3.2,3,4.4,5.2,12.1,6.9,10.1,16.6,31.5,31.6,31.1,38.2,17.1,2.7,13.6,6.8
2006:Q3,01/09/2006,age70plus,18.6,15.9,16.4,13.5,20.2,23.9,31.2,26.1,34.2,34.2,34,24.3,21.8,40.2,22.3,18.9,13,17.3,21.9,4.2,4.2,3.1,4.5,16,29.7,16.8,21.5
2006:Q3,01/09/2006,age55to69,36.3,30.5,30.5,30.7,39.6,32.1,37.7,41.4,37.4,37.8,35.9,45.3,46.4,38,40.1,33.3,42,37.9,30.2,22.8,22.8,22.2,21,27.6,49.1,33,38.9
2006:Q3,01/09/2006,age40to54,34,35.8,36.2,33.8,32.9,26.9,23.4,27.3,24.6,24.9,23.4,27,28.4,17.7,32.4,35.4,38,34.8,30.6,41.5,41.5,43.8,36,38.4,18.6,35.9,32.5
2006:Q3,01/09/2006,ageunder40,11.1,17.7,16.9,21.9,7.2,17.1,7.7,5.2,3.9,3,6.7,3.4,3.3,4.2,5.2,12.3,7,10.1,17.3,31.5,31.5,31,38.4,18.1,2.6,14.2,7.1
2006:Q4,01/12/2006,age70plus,18.4,15.8,16.3,13.1,20,22.8,32.5,25.7,34.1,34.7,32.6,25.3,23.2,39.3,21.6,18.6,12.7,16.9,21,4.3,4.3,3.1,4.4,12.8,31,16.3,21.2
2006:Q4,01/12/2006,age55to69,36.5,30.8,30.7,30.9,39.8,32.4,36,42.1,36.3,36.4,36.1,42.2,43,37,41.1,33.7,41.9,38.7,30.4,23.3,23.3,22.6,21.3,28.6,50.1,33,39.1
2006:Q4,01/12/2006,age40to54,33.8,35.8,36.1,33.7,32.7,27.6,21,27,25.4,25.7,24.7,28.6,30,19.7,31.9,35.1,38.3,34.5,30.6,41,41.1,43.4,35.6,39,16.4,35.7,32.4
2006:Q4,01/12/2006,ageunder40,11.3,17.7,16.9,22.2,7.6,17.1,10.5,5.2,4.1,3.2,6.7,3.8,3.8,4.1,5.3,12.6,7,10,18,31.4,31.4,30.9,38.7,19.6,2.5,15,7.3
2007:Q1,01/03/2007,age70plus,18.2,15.9,16.5,12.9,19.5,22.9,29.4,25.4,33.7,34.2,32.5,24.5,22.6,38.2,21.2,18.5,12.6,17,21.4,4.3,4.3,3.2,4.2,11.4,31.4,17.1,21
2007:Q1,01/03/2007,age55to69,37.1,31.1,31.1,31,40.4,33,39.7,42.5,36.3,36.3,36.4,43.8,44.9,36,41.7,34.1,41.9,39,31.1,23.8,23.8,23.4,21.5,28.8,48.6,33.7,39.7
2007:Q1,01/03/2007,age40to54,33.9,35.5,35.8,33.7,33,27.5,24.7,26.8,26.3,26.5,25.6,27.8,28.6,21.8,31.6,34.9,38.6,34.2,30.3,40.6,40.6,42.7,35.7,39.9,17.6,35.3,32.6
2007:Q1,01/03/2007,ageunder40,10.8,17.5,16.6,22.4,7,16.7,6.2,5.2,3.7,3,5.4,3.9,3.9,4.1,5.4,12.5,7,9.9,17.2,31.2,31.2,30.6,38.6,19.9,2.4,14,6.8
2007:Q2,01/06/2007,age70plus,18,15.8,16.5,12.5,19.1,21.2,28.4,25.2,33.2,33.6,32,26.2,24.9,36.7,20.9,18.1,12.3,16.7,20.9,4.4,4.4,3.2,4,9.3,33,16.2,20.7
2007:Q2,01/06/2007,age55to69,37.5,31.3,31.4,31.2,40.8,33.6,40.6,42.9,36.2,35.9,37.1,42.3,43.2,34.8,42.2,34.4,41.8,39.9,31.7,24.4,24.4,23.9,21.8,29.2,50.4,33.7,40.1
2007:Q2,01/06/2007,age40to54,33.8,35.3,35.6,33.6,33.1,28.1,25.8,26.7,26.9,27.4,25.2,27.2,27.6,24.5,31.3,34.5,38.9,33.7,30.1,40,40,42.2,35.4,40.9,14.2,35.2,32.6
2007:Q2,01/06/2007,ageunder40,10.7,17.6,16.6,22.7,7,17.1,5.2,5.2,3.7,3.1,5.8,4.2,4.3,4,5.6,13,7,9.7,17.3,31.2,31.2,30.7,38.8,20.7,2.4,14.9,6.6
2007:Q3,01/09/2007,age70plus,17.9,15.7,16.4,12.3,19,19.7,28.9,24.3,31.9,32.3,31,25.9,24.8,34.7,20.8,17.8,12.1,16.6,20.3,4.3,4.3,3.2,4.1,5.8,33.3,16.6,20.6
2007:Q3,01/09/2007,age55to69,37.6,31.5,31.6,31.3,40.9,34.6,39.9,44.1,36.7,36.5,37.2,41.2,42,33.9,42.1,34.8,41.7,40.5,31.8,24.4,24.4,24.1,21.5,29.8,48.5,34.2,40.3
2007:Q3,01/09/2007,age40to54,33.7,35,35.3,33.5,33,28,24.4,26.2,28.5,28.4,28.9,28.2,28.3,27.4,31.2,34.1,39.2,33.3,30.2,39.9,39.9,41.9,35.7,42,16,34.9,32.4
2007:Q3,01/09/2007,ageunder40,10.8,17.7,16.8,22.8,7.1,17.7,6.8,5.4,2.8,2.8,2.9,4.7,4.8,4,5.9,13.3,7,9.6,17.7,31.4,31.4,30.8,38.7,22.3,2.1,14.3,6.6
2007:Q4,01/12/2007,age70plus,18.1,16,16.7,12.5,19.2,20.3,30.6,23.1,31.7,32.4,30,25.4,24.3,37.4,20.9,17.7,12,16.6,20.3,4.5,4.5,3.3,4.3,7.3,32.5,17.4,20.9
2007:Q4,01/12/2007,age55to69,37.9,31.9,31.9,31.4,41.1,34.7,38.5,45.9,37.7,37.3,38.4,49.2,50.8,33.3,41.7,35,42.3,40.6,31.9,24.8,24.8,24.6,21,30.3,50.3,34.3,40.6
2007:Q4,01/12/2007,age40to54,33.3,35,35.2,33.6,32.4,27.7,21.3,25.5,27.8,27.5,28.5,21.8,21.3,26.1,31.6,34.3,38.7,33.4,30.1,39.7,39.7,41.6,36.2,41,15,34.8,31.9
2007:Q4,01/12/2007,ageunder40,10.8,17.2,16.2,22.5,7.4,17.2,9.7,5.5,2.9,2.8,3.1,3.6,3.7,3.2,5.9,13,7,9.4,17.8,31,31.1,30.5,38.5,21.4,2.1,13.5,6.6
2008:Q1,01/03/2008,age70plus,17.8,15.9,16.5,13,18.8,20.9,27.7,21.6,31.6,32.3,29.9,23.6,22.2,39.6,20.7,17.5,11.9,16.6,21.3,4.7,4.7,3.5,4.5,8.5,32,21.3,20.6
2008:Q1,01/03/2008,age55to69,38.7,32.2,32.4,31.3,42.1,35.6,42.8,48,39.2,38.5,40.8,60.3,62.6,32.9,41.1,35.6,43,40.8,32.8,24.8,24.8,24.6,20.3,30.7,52.2,35.4,41.7
2008:Q1,01/03/2008,age40to54,33.4,35.2,35.5,33.8,32.5,26.7,25.5,24.8,26.9,26.8,27.1,13.8,12.9,25,32.2,34.6,38.3,33.6,29.6,40,40,41.9,37.3,40.2,13.6,34.1,32
2008:Q1,01/03/2008,ageunder40,10,16.7,15.6,21.9,6.6,16.8,4,5.6,2.3,2.3,2.2,2.3,2.3,2.5,6.1,12.3,6.8,9,16.2,30.4,30.4,30,37.9,20.6,2.2,9.2,5.7
2008:Q2,01/06/2008,age70plus,17.6,15.8,16.3,13.2,18.5,20.8,26.1,21.6,31,31.7,29.5,22.5,20.7,41.1,20.7,17.4,11.8,16.8,21.9,4.9,4.8,3.8,4.7,11.3,29.6,22.3,20.4
2008:Q2,01/06/2008,age55to69,39.2,32.5,32.8,31.4,42.7,36,44.5,48.4,40.6,40,41.9,62.1,64.7,34.7,40.9,35.8,43.5,41.2,33.4,24.4,24.3,24.4,20,30.2,48.8,35.6,42.4
2008:Q2,01/06/2008,age40to54,33.5,35.2,35.5,33.8,32.7,26.4,28.6,24.7,26.1,26,26.3,13.2,12.5,21.3,32.4,34.7,37.9,33.3,29.3,41.5,41.5,43.3,37.6,39.7,19.6,33.9,31.8
2008:Q2,01/06/2008,ageunder40,9.7,16.5,15.4,21.5,6.1,16.8,0.9,5.3,2.2,2.2,2.2,2.2,2.1,2.8,6.1,12.2,6.8,8.7,15.4,29.3,29.3,28.4,37.7,18.8,2,8.2,5.4
2008:Q3,01/09/2008,age70plus,17.9,16.1,16.6,13.7,18.9,22.4,24,21.5,31.2,31.6,30.4,19.4,17,42.2,22,17.9,12.2,17.5,23.2,5.1,5.1,3.8,5,10.5,30.5,23,20.8
2008:Q3,01/09/2008,age55to69,39.3,32.8,33.1,31.4,42.7,36.3,46,48.9,41.4,41,42.2,67.6,70.8,36.5,38.8,35.8,43.7,40.8,33.7,24.7,24.7,24.6,19.3,31.3,53.8,36.2,42.6
2008:Q3,01/09/2008,age40to54,33.4,34.9,35.1,33.9,32.7,25.1,30,24.5,25.8,25.4,26.6,11.2,10.6,18,33,35,37.5,33.1,28.8,40.9,40.9,42.9,38.6,38.9,13.4,33.9,31.7
2008:Q3,01/09/2008,ageunder40,9.4,16.2,15.1,21,5.8,16.1,0,5.1,1.6,1.9,0.8,1.8,1.7,3.3,6.2,11.4,6.7,8.5,14.2,29.2,29.2,28.7,37.2,19.3,2.2,6.9,4.9
2008:Q4,01/12/2008,age70plus,18.7,16.5,16.9,14.8,20,26.4,29.5,20.2,31.4,31.5,31.2,12.6,8.1,43.4,23.3,18.5,12.5,18.4,22.9,4.8,4.7,3.9,5.5,12,24.1,28.3,22
2008:Q4,01/12/2008,age55to69,38.7,33.1,33.6,31,41.8,36.5,41,50.7,42.6,42.5,42.9,69.3,74,37.2,35.7,36.3,44,40.1,32.8,24,24,24.9,17.9,31.4,43.5,38,42.2
2008:Q4,01/12/2008,age40to54,32.9,34.9,35,34,31.8,23.2,23,23.9,25.3,25,25.9,16.1,16.1,16.2,34.2,35.6,37.2,33.3,29.2,41.8,41.8,42.4,40.6,38.2,31.1,33.1,30.8
2008:Q4,01/12/2008,ageunder40,9.6,15.6,14.5,20.2,6.4,13.9,6.5,5.3,0.7,1,0,2,1.8,3.2,6.7,9.6,6.3,8.2,15,29.4,29.5,28.7,36,18.3,1.3,0.6,5
2009:Q1,01/03/2009,age70plus,18.8,16.5,16.8,15.3,20,28.1,24.8,20.3,31.1,31.9,29.9,9.9,4.1,44.4,24.7,19.1,12.9,19.4,24.9,4.7,4.6,3.9,5.5,14.6,21.6,28.3,22.1
2009:Q1,01/03/2009,age55to69,39.1,33.4,34,30.9,42.3,36.9,45.7,50.9,41.8,42.7,40.4,71.7,77.3,38.2,33.9,36.2,44.2,39.9,33.6,24.1,24.1,25.1,17.7,31,42.3,38.4,42.7
2009:Q1,01/03/2009,age40to54,33.4,35.1,35.4,34,32.5,21.9,29.4,23.7,26.6,24.6,29.6,16.4,16.8,14.1,34.6,35.9,36.7,32.9,28.6,41.7,41.7,42.1,41.3,37.7,35.1,33.3,31.5
2009:Q1,01/03/2009,ageunder40,8.7,15,13.9,19.7,5.3,13.2,0,5.1,0.5,0.8,0,2,1.8,3.3,6.8,8.7,6.1,7.9,13,29.5,29.6,28.9,35.6,16.7,1,0,3.7
2009:Q2,01/06/2009,age70plus,18.8,16.5,16.8,15,19.9,26.7,27.1,20.8,31.3,33.3,28.8,12.4,6.8,45.3,23.1,18.6,12.6,19.3,23.9,4.8,4.8,4.2,5.1,15.3,20.5,24,22
2009:Q2,01/06/2009,age55to69,39.5,33.7,34.2,31.2,42.5,36.1,43.4,50.7,41,41,41.1,68.7,73.9,39.1,37.2,36.1,44.7,41.5,33.4,24.3,24.2,25.1,18.6,31.8,42.7,37.3,43.1
2009:Q2,01/06/2009,age40to54,32.9,35,35.2,34,31.8,23.9,26.8,23.7,26.9,24.3,30.1,16.4,17.1,12.2,33.4,35.4,36.2,31.8,28.7,42.2,42.2,42.9,40.2,36.8,35.7,34.1,30.7
2009:Q2,01/06/2009,ageunder40,8.8,14.9,13.7,19.8,5.7,13.4,2.7,4.7,0.8,1.4,0,2.4,2.2,3.5,6.3,9.9,6.4,7.4,14,28.7,28.8,27.8,36.1,16.1,1,4.5,4.2
2009:Q3,01/09/2009,age70plus,18.2,16.4,16.8,14.7,19.1,24.7,23.7,21.5,29.7,30.9,27.9,15.2,9.9,46.1,21.8,18,12.4,19.1,24.2,4.8,4.8,4.3,4.8,15.6,20,22.1,21.2
2009:Q3,01/09/2009,age55to69,40.5,33.9,34.5,31.6,43.7,35.7,45.6,50.4,43.1,43.7,42.3,65.9,70.4,39.9,39.9,36,45.1,43.1,34.3,24.3,24.3,24.9,19.1,33,44.7,36.4,44.2
2009:Q3,01/09/2009,age40to54,32.8,34.8,35,33.8,31.8,25.5,30.7,23.8,26.2,23.6,29.8,16.1,17.1,10.3,32.3,34.8,35.8,30.8,28.2,42.3,42.3,43.3,39.4,35.7,34.2,34.4,30.7
2009:Q3,01/09/2009,ageunder40,8.5,14.8,13.7,19.9,5.4,14.1,0,4.3,1,1.7,0,2.8,2.6,3.6,6,11.2,6.7,7,13.3,28.6,28.6,27.6,36.7,15.6,1.1,7.1,3.9
2009:Q4,01/12/2009,age70plus,19.1,16.8,17.3,14.6,20.2,24.3,33,21.8,29.6,30.5,28.2,16,10.5,46.9,21.8,17.8,12.4,19.1,22.1,5,5,4.5,4.7,16.2,19.6,16.7,22.2
2009:Q4,01/12/2009,age55to69,40.1,34.2,34.7,31.8,43,35.3,36.7,50.4,44.1,44.4,43.8,65.4,69.8,40.8,40.5,36,45.4,43.8,32.7,24.7,24.7,25.3,19.3,34.6,46.3,35.5,43.5
2009:Q4,01/12/2009,age40to54,31.4,34.6,34.8,33.8,29.8,26.4,17.2,23.7,25.1,23.2,28.1,15.6,16.9,8.5,31.9,34.5,35.3,30.3,29,42.1,42.1,43.2,39,34.5,32.9,35.5,29
2009:Q4,01/12/2009,ageunder40,9.5,14.5,13.2,19.8,7,14,13.1,4,1.2,1.9,0,3,2.9,3.8,5.7,11.7,6.8,6.8,16.2,28.1,28.2,27,36.9,14.7,1.2,12.3,5.3
2010:Q1,01/03/2010,age70plus,18.7,17,17.5,14.6,19.6,23.4,27.9,22.7,28.6,29.5,27.3,16.6,10.9,47.7,21.8,17.5,12.5,19.1,23.3,5.2,5.2,4.8,4.4,13.4,17.5,21.2,21.7
2010:Q1,01/03/2010,age55to69,41,34.3,34.9,32,44.1,35.4,42.8,49.9,44.9,45.7,43.7,65.2,69.6,41.5,41.4,36.1,45.8,44.3,33.9,25,25,25.4,19.8,38.8,45.4,35.9,44.5
2010:Q1,01/03/2010,age40to54,31.7,34.4,34.6,33.7,30.5,26.9,24.9,23.9,25.2,22.8,28.7,15,16.5,6.8,31.4,34.2,34.9,29.9,28.3,42.3,42.3,43.6,38.5,32.2,35.9,34.3,29.4
2010:Q1,01/03/2010,ageunder40,8.6,14.3,13,19.7,5.8,14.4,4.3,3.6,1.3,2,0.2,3.2,3.1,3.9,5.4,12.2,6.9,6.6,14.6,27.5,27.6,26.3,37.2,15.7,1.2,8.7,4.4
2010:Q2,01/06/2010,age70plus,19.1,17.3,17.8,15.3,20,25.5,27,23.1,29,29.3,28.4,13,6.4,48.7,23.1,18.1,12.9,19.9,24.5,5.5,5.5,5.1,4.7,13.6,16.6,23.7,22.1
2010:Q2,01/06/2010,age55to69,41,34.5,35.1,31.9,44.1,35.6,43.8,49.8,45.4,46.6,43.5,71.8,77.3,42.1,40.2,36.3,46.1,42.9,34,25.2,25.2,25.6,19.3,41.9,45.9,37,44.5
2010:Q2,01/06/2010,age40to54,31.7,34.2,34.3,33.7,30.4,25.5,26.7,23.8,24.6,22.5,28.1,12.4,13.7,5.2,31.5,34.6,34.3,30.4,27.9,42.7,42.7,43.9,39.3,30.1,36.1,33.8,29.2
2010:Q2,01/06/2010,ageunder40,8.2,14,12.8,19.2,5.4,13.4,2.6,3.2,1,1.6,0,2.8,2.6,4,5.2,11.1,6.7,6.7,13.6,26.6,26.7,25.3,36.7,14.4,1.4,5.4,4.1
2010:Q3,01/09/2010,age70plus,19,17.2,17.7,15,19.8,24.2,28.6,23.1,28,28.2,27.6,14.6,8.1,49.7,22.3,17.7,12.8,19.6,23.8,5.6,5.6,5.3,4.5,14.6,15.4,16.6,21.8
2010:Q3,01/09/2010,age55to69,41.6,34.7,35.3,32.2,44.7,35.3,42.1,50.2,46.8,47.9,44.7,70.9,76.1,42.8,42.3,36.4,46.5,43.7,34,25.3,25.3,25.6,19.5,45.1,46.6,35.9,45
2010:Q3,01/09/2010,age40to54,31.1,34.4,34.6,33.5,29.7,26.7,24,23.6,23.5,22.1,26,11.5,13,3.4,30.7,34.2,33.8,30.1,27.8,42.8,42.8,44.4,38.5,27.8,36.5,35.3,28.7
2010:Q3,01/09/2010,ageunder40,8.3,13.8,12.5,19.2,5.8,13.9,5.3,3.1,1.8,1.8,1.7,3,2.8,4.1,4.7,11.7,6.9,6.6,14.4,26.3,26.3,24.7,37.5,12.4,1.5,12.2,4.5
2010:Q4,01/12/2010,age70plus,19.5,17.4,18,14.9,20.3,23.7,34.3,23.4,28.4,29,27.4,18.7,13.4,48,21.9,17.5,12.7,19.2,22.3,5.9,5.8,5.5,4.8,14.8,18.3,20,22.3
2010:Q4,01/12/2010,age55to69,41.3,35.1,35.7,32.4,44,35.1,35.7,50.9,46.3,47.3,44.7,64.8,69,42,42.9,36.8,46.7,44,33.2,25.7,25.7,26.1,19.8,41.6,48.8,36.3,44.5
2010:Q4,01/12/2010,age40to54,30.2,33.9,34.1,33.2,28.5,27.3,15.4,22.6,23.3,21.6,26.2,13.3,14.6,5.9,30.3,33.3,33.6,30.1,28.3,42.1,42.1,43.9,37.9,29.8,31.1,33.7,27.7
2010:Q4,01/12/2010,ageunder40,9.1,13.6,12.2,19.5,7.1,14,14.7,3.1,2,2.1,1.8,3.2,3,4.1,5,12.5,7,6.7,16.3,26.3,26.4,24.6,37.6,13.7,1.9,10,5.5
2011:Q1,01/03/2011,age70plus,19.3,17.6,18.3,14.9,20,23.7,30.5,23.7,28.9,29.4,28,21.7,17.3,46.2,21.6,17.6,12.7,19,23.2,6.1,6.1,5.6,4.7,15.3,20.4,20,22
2011:Q1,01/03/2011,age55to69,41.9,35.5,36.2,32.6,44.6,35.1,40.5,51.5,46.6,47.3,45.3,61,64.4,41.7,43.2,37.2,46.8,44,34.2,26.1,26.1,26.3,20.3,38.8,50.1,36.7,45.2
2011:Q1,01/03/2011,age40to54,30.2,33.2,33.3,32.9,28.9,27.3,21.1,21.7,22.2,21,24.2,14.1,15.3,7.5,30,32.6,33.4,30.2,27.6,41.9,41.9,44,37.2,31.4,27.4,32.9,27.8
2011:Q1,01/03/2011,ageunder40,8.6,13.7,12.3,19.6,6.4,13.9,7.9,3,2.3,2.3,2.4,3.2,3,4.5,5.2,12.6,7.1,6.8,15,25.9,25.9,24.1,37.8,14.5,2.2,10.3,5.1
2011:Q2,01/06/2011,age70plus,19.7,18.2,18.9,15.1,20.4,24,31.1,24,29.8,30.3,28.9,23.2,19.5,44.7,22.1,18.1,12.9,19.2,23.5,6.2,6.2,5.7,4.9,16,20.9,20.8,22.5
2011:Q2,01/06/2011,age55to69,41.9,35.8,36.6,32.7,44.5,35.6,40.5,52.2,46.4,46.9,45.5,60.7,63.9,41.5,42.6,37.7,46.9,43.3,34.3,26.5,26.5,26.9,20.6,36.6,50,37.6,45.1
2011:Q2,01/06/2011,age40to54,29.7,32.4,32.3,32.6,28.6,26.5,19.8,20.9,21.8,20.5,23.9,13.3,14,9,29.9,32.2,33.1,30.5,27.4,41.3,41.3,43.3,36.9,32.6,26.8,32.3,27.4
2011:Q2,01/06/2011,ageunder40,8.6,13.6,12.1,19.6,6.6,13.8,8.5,3,2.1,2.2,1.8,2.9,2.5,4.8,5.4,11.9,7.2,7,14.9,26,26,24.1,37.7,14.9,2.3,9.4,5.1
2011:Q3,01/09/2011,age70plus,20.3,17.8,18.3,16,21.3,27,29.9,24.3,30.9,30.7,31.1,21.2,17.4,43.2,24.5,19.5,13.4,20.2,25.1,6.2,6.2,5.7,5.5,15.1,19.4,19.7,23.2
2011:Q3,01/09/2011,age55to69,41.6,36,36.8,32.6,43.9,36.1,42.3,52.8,46.7,47.7,45.1,64.9,68.9,41.5,39.3,38.3,46.9,41.3,34.4,25.9,25.9,26.6,19.7,35.9,47.2,39.2,44.8
2011:Q3,01/09/2011,age40to54,29.8,32.5,32.6,32.4,28.7,24.3,22,20,21.5,20.1,23.8,11.7,12,10,30.4,32.5,32.7,31.2,26.8,42.2,42.2,43.9,37.9,33.2,31.1,32.3,27.3
2011:Q3,01/09/2011,ageunder40,8.3,13.7,12.3,19.1,6.1,12.6,5.8,2.9,1,1.5,0,2.2,1.7,5.2,5.8,9.7,6.9,7.3,13.6,25.7,25.7,23.7,36.9,15.9,2.3,8.9,4.8
2011:Q4,01/12/2011,age70plus,20.7,17.9,18.4,15.8,21.9,26.3,35.2,24.3,31.2,31.5,30.8,24.5,21.3,41.9,24.3,19.4,13.5,19.7,23.8,6.2,6.2,5.8,5.4,13.8,19.3,18.3,23.6
2011:Q4,01/12/2011,age55to69,41.2,36.3,37.2,32.9,43.3,35.9,36.7,53.6,46.5,47.1,45.6,58.8,62.1,41.4,39.9,38.9,47,41.6,33.9,26.3,26.3,27.1,20.4,35.7,46.8,39.2,44.2
2011:Q4,01/12/2011,age40to54,28.9,32.2,32.2,32,27.6,25,13.9,19.1,21,19.6,23.2,14.1,14.7,11.2,30,31.8,32.5,31.3,27.1,41.5,41.6,43.4,36.8,33.5,31.5,31.9,26.4
2011:Q4,01/12/2011,ageunder40,9.1,13.7,12.2,19.3,7.3,12.8,14.2,3,1.3,1.8,0.4,2.6,2,5.5,5.8,9.9,7.1,7.4,15.2,25.9,26,23.8,37.5,17,2.5,10.6,5.7
2012:Q1,01/03/2012,age70plus,20.5,18.3,19,15.5,21.3,25.3,32.7,24.7,31.6,32.4,30.4,28.1,25.8,40.8,23.5,18.8,13.4,19.2,24,6.4,6.4,6,5.1,13.7,20.4,20.3,23.2
2012:Q1,01/03/2012,age55to69,41.9,36.7,37.6,33.2,44,35.8,40.3,54.1,46.2,46.4,46,53.9,56.3,40.8,41.3,39.4,47.1,42,34.8,27.2,27.2,27.8,21.3,35.2,47.7,39.4,44.8
2012:Q1,01/03/2012,age40to54,28.9,31.4,31.3,31.7,27.9,25.7,17.7,18.4,20.2,19,22,15.4,15.9,12.7,29.4,30.9,32.3,31.4,26.5,40.8,40.8,42.9,35.5,33.8,29.1,30.8,26.5
2012:Q1,01/03/2012,ageunder40,8.7,13.6,12,19.7,6.8,13.2,9.3,2.9,2,2.2,1.7,2.7,2.1,5.7,5.7,10.9,7.3,7.4,14.6,25.6,25.7,23.2,38.1,17.3,2.8,9.6,5.4
2012:Q2,01/06/2012,age70plus,20.7,18.4,19,15.9,21.7,26,31.3,25,32.3,32.7,31.7,28.3,26.4,39.6,24.6,19.1,13.7,19.5,25,6.4,6.4,6.1,5.4,13.2,19.7,23.6,23.5
2012:Q2,01/06/2012,age55to69,41.9,36.9,37.8,33.3,44,36.4,42.6,54.6,46.6,46.8,46.2,54.7,57.2,40.3,40.2,40.1,47.1,41,35.3,27.1,27.1,27.9,21.4,35,46.7,40.7,44.8
2012:Q2,01/06/2012,age40to54,28.8,31,30.9,31.3,28,24.6,20.1,17.6,19.4,18.5,20.8,14.7,14.8,14.3,29.4,30.6,32,31.9,26,40.9,40.9,43,35.4,34.1,30.7,29.7,26.5
2012:Q2,01/06/2012,ageunder40,8.5,13.8,12.3,19.5,6.4,13.1,6,2.8,1.7,2,1.3,2.2,1.6,5.8,5.8,10.2,7.2,7.6,13.7,25.5,25.6,23,37.9,17.8,2.9,6,5.2
2012:Q3,01/09/2012,age70plus,21,18.3,18.9,15.8,22,25.5,34.2,25,32.6,33.3,31.4,30.6,29.3,38.3,24.4,18.9,13.8,19.1,24.4,6.4,6.4,6,5.3,12.6,20.5,23.4,23.7
2012:Q3,01/09/2012,age55to69,41.8,36.9,37.8,33.5,43.7,36.5,39.9,55.4,46.4,46.7,46,52.1,54.2,39.8,40.8,40.8,47.2,40.7,35.2,27.4,27.4,28,21.8,34.7,48.5,41,44.6
2012:Q3,01/09/2012,age40to54,28.4,30.9,30.8,31,27.4,24.6,16,16.8,19.3,18,21.3,15.2,15.1,15.8,29,30,31.7,32.4,26,40.4,40.4,42.7,34.8,34.4,27.9,29.3,26.1
2012:Q3,01/09/2012,ageunder40,8.9,13.9,12.4,19.7,6.9,13.3,9.9,2.8,1.7,2.1,1.3,2.1,1.4,6,5.8,10.3,7.3,7.8,14.4,25.8,25.9,23.3,38.2,18.4,3.1,6.2,5.6
2012:Q4,01/12/2012,age70plus,21.3,18.4,19,16.1,22.4,26.5,35.1,24.9,33.5,34,32.7,31.2,30.3,37,24.9,19.2,13.9,19.2,24.8,6.7,6.7,6.2,5.6,11.9,21.3,17,24
2012:Q4,01/12/2012,age55to69,41.8,37,37.9,33.6,43.6,36.5,39.8,56.3,46.6,46.7,46.3,51.9,54,39.4,40.5,41.5,47.3,39.8,35.3,27.7,27.6,28.3,21.9,34.1,49.4,41.3,44.4
2012:Q4,01/12/2012,age40to54,28,30.6,30.6,30.7,27,24.1,14.4,15.9,18.3,17.4,19.7,15.1,14.7,17.4,28.7,29.7,31.4,32.9,25.7,40.5,40.5,43,34.5,34.8,25.9,30.2,25.6
2012:Q4,01/12/2012,ageunder40,9,14,12.5,19.6,7,12.9,10.7,2.9,1.6,1.9,1.3,1.7,1,6.2,5.9,9.6,7.3,8,14.3,25.2,25.2,22.5,38,19.1,3.4,11.5,5.9
2013:Q1,01/03/2013,age70plus,21.2,18.8,19.5,15.8,22.2,25.7,35.6,25.2,33.9,34.5,32.9,34.1,33.9,35.5,24.1,18.7,13.9,18.6,24.5,6.3,6.3,5.9,5.1,11.3,21.2,17.5,23.9
2013:Q1,01/03/2013,age55to69,42.1,37.2,38,33.9,43.9,36.3,40.2,56.7,46.7,46.6,46.8,47.5,48.9,39.3,41.9,42.1,47.4,40,35.8,28.4,28.4,28.9,22.9,33,51.3,41.5,44.5
2013:Q1,01/03/2013,age40to54,27.7,30,29.9,30.3,26.8,24.8,13.9,15.2,17.1,16.8,17.6,16.6,16.2,18.5,28.2,29,31.3,33.3,25.3,38.8,38.8,41.2,33.6,35.6,24,29.8,25.7
2013:Q1,01/03/2013,ageunder40,9,14.1,12.6,20,7.1,13.2,10.3,2.8,2.3,2.1,2.7,1.8,1,6.6,5.8,10.3,7.4,8.1,14.4,26.5,26.5,24.1,38.4,20.1,3.4,11.2,5.9
2013:Q2,01/06/2013,age70plus,21.2,18.8,19.5,15.9,22.1,25.8,33.6,25.4,35.3,35.8,34.5,35.7,36,34,24.5,18.6,14,18.3,25.3,6.3,6.3,5.9,5.2,10.4,20.7,20,23.8
2013:Q2,01/06/2013,age55to69,42.2,37.1,37.9,34.1,44.2,36.5,43.5,57.4,46.5,46,47.5,47,48.2,39.2,41.7,42.7,47.4,39.3,36.6,28.6,28.6,29.1,23.5,31,51.4,42.4,44.6
2013:Q2,01/06/2013,age40to54,27.9,29.9,29.8,30,27.1,24.4,17.3,14.4,15.6,16.1,14.6,16,15.4,19.8,27.9,28.6,31.1,34.1,24.5,38.7,38.7,41.1,33.3,37,24.3,28.9,26
2013:Q2,01/06/2013,ageunder40,8.8,14.2,12.7,20,6.7,13.3,5.6,2.8,2.6,2.1,3.5,1.4,0.5,7,5.9,10.2,7.5,8.3,13.6,26.4,26.5,24,38,21.6,3.6,8.7,5.6
2013:Q3,01/09/2013,age70plus,21.3,18.6,19.3,15.9,22.3,25.7,36.9,25.5,36.3,36.7,35.5,37.4,38.2,32.2,24.3,18.3,14,17.8,24.9,6.2,6.2,5.8,5.2,10.9,20.5,16.9,23.9
2013:Q3,01/09/2013,age55to69,42,37,37.7,34.4,43.9,36.5,41.1,58.1,46.4,45.7,47.5,44.3,45.2,39.1,42.3,43.3,47.5,38.6,36.5,28.6,28.6,28.9,24.1,26.4,52.2,42.8,44.4
2013:Q3,01/09/2013,age40to54,27.4,30,30,29.6,26.4,24.4,11.8,13.7,14.6,15.4,13.1,17.1,16.4,21.2,27.4,28.1,30.9,35,24.2,38.9,38.9,41.4,33.2,39.7,23.5,29.3,25.4
2013:Q3,01/09/2013,ageunder40,9.3,14.4,13,20.1,7.3,13.4,10.2,2.8,2.7,2.2,3.8,1.2,0.2,7.5,6,10.2,7.5,8.5,14.4,26.2,26.2,23.8,37.4,23.1,3.7,11,6.3
2013:Q4,01/12/2013,age70plus,21.4,18.8,19.5,15.7,22.4,24.9,39.2,25.9,35.6,36.6,33.7,38.7,39.3,34.8,24.2,18.3,14.1,18.1,24.1,6.5,6.4,6,5.1,9.2,23.2,18.2,24
2013:Q4,01/12/2013,age55to69,42.2,37,37.6,34.6,44.2,35.8,37.9,57.4,46.1,45.2,47.8,43,43.6,38.7,43.5,43.3,47.9,40.4,36.1,28.6,28.6,28.9,23.9,32.3,52.2,42,44.5
2013:Q4,01/12/2013,age40to54,26.8,29.7,29.8,29.4,25.7,25.8,8.9,13.8,14.4,15.3,12.6,16.7,16.3,19.8,26.9,27.4,30.5,33.3,24.6,38.5,38.5,41.5,32.4,35.8,21,28.5,24.9
2013:Q4,01/12/2013,ageunder40,9.5,14.4,13,20.3,7.6,13.5,13.9,2.9,3.9,2.9,6,1.6,0.8,6.7,5.5,11,7.5,8.3,15.3,26.4,26.4,23.7,38.6,22.7,3.6,11.3,6.6
2014:Q1,01/03/2014,age70plus,21.6,19.3,20.1,16,22.5,25.2,37,26.7,35.1,36.2,33.1,38,38.1,37.1,24.3,18.9,14.4,18.9,24.8,6.7,6.7,6.3,5.2,9.2,24.6,19.8,24.1
2014:Q1,01/03/2014,age55to69,42.7,37.1,37.6,34.6,44.8,35.4,40.3,56.6,46.2,45.5,47.6,45.1,46,38.3,44.1,43.4,48.2,41.3,36.2,28.6,28.6,29.1,23.4,35.5,50.4,42.1,45
2014:Q1,01/03/2014,age40to54,26.6,29.4,29.4,29.2,25.6,26,12.1,13.9,14.3,15.2,12.8,15.3,14.8,18.6,26.5,27.1,30,31.8,24.3,38.4,38.4,41.2,32.5,33.3,21.6,27.9,24.7
2014:Q1,01/03/2014,ageunder40,9.1,14.3,12.9,20.2,7.1,13.4,10.6,2.9,4.3,3.1,6.5,1.7,1.1,6,5.1,10.6,7.4,8,14.6,26.2,26.3,23.4,38.8,22,3.4,10.2,6.2
2014:Q2,01/06/2014,age70plus,21.8,19.4,20.2,16.1,22.6,24.9,37.5,27.4,34.7,36.1,32.2,37.9,37.8,39.3,24.3,19.2,14.6,19.4,24.8,7.1,7.1,6.5,5.4,8.8,27.5,21.4,24.2
2014:Q2,01/06/2014,age55to69,42.9,37,37.5,34.7,45.1,35.1,39.4,55.8,46.1,45.4,47.2,44.8,45.7,37.9,45,43.5,48.4,42.4,36.1,28.7,28.6,29.1,23.2,37.7,51.3,42,45.2
2014:Q2,01/06/2014,age40to54,26.3,29.4,29.5,29.1,25.1,26.6,11.7,13.9,14.3,15,13.3,15.3,15,17.5,26.1,26.6,29.6,30.4,24.3,38.3,38.3,41.5,32.4,31.5,17.9,27.3,24.3
2014:Q2,01/06/2014,ageunder40,9,14.2,12.8,20.1,7.1,13.5,11.4,2.9,4.9,3.5,7.3,2,1.5,5.3,4.7,10.8,7.4,7.8,14.9,25.9,26,22.9,39,22,3.3,9.3,6.3
2014:Q3,01/09/2014,age70plus,22,19.8,20.6,16.4,22.9,25.1,35.6,28,34.5,35.9,32.1,36.8,36.3,41.2,25.2,19.7,15,20,25.6,7.5,7.4,6.8,5.7,9.1,29.3,20.2,24.4
2014:Q3,01/09/2014,age55to69,43,36.9,37.4,34.7,45.4,34.9,41.5,55.1,46.1,45.7,47,46.7,47.9,37.5,44.6,43.5,48.5,42.7,36.3,28.6,28.6,29.2,22.6,38.9,50.9,42,45.4
2014:Q3,01/09/2014,age40to54,26.2,29.3,29.4,28.9,25.1,26.7,14.7,13.9,14.2,14.8,13.2,14.4,14.1,16.7,25.7,26.4,29.2,29.6,23.9,38.2,38.2,41.4,33,30.2,16.6,27.3,24.3
2014:Q3,01/09/2014,ageunder40,8.7,14,12.7,20,6.7,13.4,8.2,3,5.2,3.7,7.7,2,1.7,4.6,4.5,10.4,7.3,7.7,14.3,25.7,25.8,22.6,38.8,21.8,3.2,10.4,5.9
2014:Q4,01/12/2014,age70plus,22.5,20.2,21.1,16.4,23.4,24.8,38.4,28.4,33.9,35.2,31.6,36.6,35.8,43,25.3,19.9,15.3,20.3,25.1,7.7,7.7,7.1,5.8,8.9,30.6,18.8,24.9
2014:Q4,01/12/2014,age55to69,43,36.9,37.4,34.8,45.3,34.5,38.5,54.7,46.4,46.3,46.6,45.9,47,37.1,45.1,43.5,48.6,43.4,35.7,28.7,28.7,29.5,22.5,40.1,49.4,41.7,45.3
2014:Q4,01/12/2014,age40to54,25.5,29,29,28.8,24.2,27.1,9.9,13.8,14.1,14.5,13.3,15.2,15.1,15.8,25.3,26,28.8,28.7,24.1,37.9,37.9,41,33,29,16.9,27.4,23.5
2014:Q4,01/12/2014,ageunder40,9,13.9,12.5,20,7.2,13.6,13.2,3.1,5.7,4,8.5,2.4,2.2,4,4.2,10.6,7.3,7.5,15.1,25.7,25.7,22.5,38.8,22,3,12.1,6.3
2015:Q1,01/03/2015,age70plus,22.7,20.7,21.5,16.8,23.4,25.4,36.8,29.3,33.7,34.7,31.8,35.3,34.1,44.8,25.5,20.5,15.5,20.8,25.9,7.9,7.8,7.2,5.8,8.5,32.1,20.4,25
2015:Q1,01/03/2015,age55to69,43.3,36.9,37.4,34.8,45.7,34.1,40.4,53.8,46.7,46.9,46.3,47.3,48.7,36.5,45.5,43.5,48.9,43.6,35.8,28.7,28.7,29.7,22.1,41,48.2,42,45.6
2015:Q1,01/03/2015,age40to54,25.4,28.8,28.8,28.6,24.1,27.2,12,13.8,13.8,14.3,13,14.9,14.9,15.3,25,25.8,28.4,28.1,23.7,37.7,37.7,40.6,33.4,27.9,16.9,26.9,23.4
2015:Q1,01/03/2015,ageunder40,8.7,13.7,12.3,19.8,6.8,13.3,10.7,3.1,5.8,4.1,8.9,2.5,2.4,3.4,4,10.2,7.2,7.4,14.6,25.7,25.7,22.5,38.6,22.6,2.8,10.7,6
2015:Q2,01/06/2015,age70plus,22.9,21,21.9,17.1,23.7,26,35.6,30.1,33.9,34.6,32.3,33.5,31.9,46.6,26.1,21,15.9,21.5,26.8,8.2,8.1,7.5,6.1,8,33.8,21.6,25.3
2015:Q2,01/06/2015,age55to69,43.3,36.8,37.2,34.7,45.9,33.8,41.6,53.1,46.8,47.1,46.2,48.6,50.2,35.9,45.4,43.5,49,43.8,35.8,28.7,28.7,29.9,21.7,41.8,48,42.3,45.7
2015:Q2,01/06/2015,age40to54,25.3,28.7,28.8,28.5,24,27.2,14.4,13.8,13.3,14,11.8,15.3,15.3,14.8,24.7,25.6,28,27.5,23.3,37.6,37.6,40.3,33.8,26.9,15.6,26.5,23.4
2015:Q2,01/06/2015,ageunder40,8.4,13.5,12.1,19.7,6.4,13,8.4,3.1,6,4.2,9.6,2.6,2.6,2.8,3.8,9.9,7.1,7.3,14.1,25.5,25.6,22.3,38.4,23.3,2.6,9.5,5.7
2015:Q3,01/09/2015,age70plus,23.4,21,21.6,17.8,24.4,27.1,34.8,30.8,34,34.2,33.6,29.5,27.2,48.3,27.8,22.1,16.4,22.4,28.1,8.2,8.2,7.5,6.6,7.7,34.7,22,25.9
2015:Q3,01/09/2015,age55to69,43.1,36.6,37,34.5,45.7,34,42.7,52.4,47.3,48,45.7,54.1,56.4,35.1,44.1,43.6,49.2,43.2,35.5,27.9,27.8,29.4,20.6,42.3,44.2,43.2,45.6
2015:Q3,01/09/2015,age40to54,25.2,29.1,29.2,28.5,23.7,26.2,15.2,13.6,13.2,13.8,11.8,14,14,14.4,24.4,25.8,27.5,27.1,23.1,38.6,38.6,41.1,35,26.1,18.7,26.4,23.1
2015:Q3,01/09/2015,ageunder40,8.2,13.4,12.1,19.2,6.2,12.8,7.3,3.1,5.4,4,8.9,2.4,2.4,2.1,3.7,8.5,6.9,7.3,13.3,25.4,25.4,22,37.7,23.9,2.3,8.4,5.5
2015:Q4,01/12/2015,age70plus,23.8,21,21.7,17.8,24.9,26.8,38.4,31.4,33.5,33.5,33.5,29.8,27.3,50,27.9,22.1,16.6,22.7,27.3,8.3,8.2,7.7,6.4,6.4,36.6,21.1,26.3
2015:Q4,01/12/2015,age55to69,43,36.5,36.9,34.7,45.5,33.4,38.8,51.9,47.9,48.6,45.7,52.1,54.3,34.4,44.6,43.4,49.3,44,34.8,27.9,27.8,29.1,21.2,43.2,43.6,42.7,45.3
2015:Q4,01/12/2015,age40to54,24.5,29.1,29.2,28.3,22.7,27,9.3,13.5,12.6,13.5,9.8,15.3,15.5,14,24.1,25.3,27.1,26.3,23.4,38.7,38.7,41.5,34.5,25,17.8,26.4,22.3
2015:Q4,01/12/2015,ageunder40,8.7,13.4,12.1,19.2,6.9,12.8,13.6,3.2,6,4.4,11,2.8,2.9,1.5,3.5,9.2,6.9,7.1,14.5,25.2,25.2,21.7,37.9,25.4,2,9.8,6.1
2016:Q1,01/03/2016,age70plus,24,21.4,22.2,18,25,27.3,36.4,32.2,33.5,33.5,33.4,28.4,25.8,51.7,28.4,22.6,16.9,23.3,28.3,8.4,8.4,7.8,6.4,6.1,38.4,22.7,26.5
2016:Q1,01/03/2016,age55to69,43.2,36.5,36.9,34.7,45.8,33,41,51.3,47.7,48.7,44.9,54.4,56.7,33.8,44.5,43.3,49.5,44.4,34.9,27.8,27.8,29.3,20.8,43.2,41.8,42.9,45.6
2016:Q1,01/03/2016,age40to54,24.5,28.9,29,28.3,22.7,27.1,12.2,13.3,12.5,13.3,10.3,14.3,14.4,13.5,23.9,25.1,26.7,25.5,22.9,38.5,38.6,41.1,34.8,24.3,18.1,26,22.3
2016:Q1,01/03/2016,ageunder40,8.3,13.2,11.9,19.1,6.4,12.6,10.3,3.2,6.3,4.5,11.3,2.8,3,1,3.2,9,6.9,6.8,13.9,25.2,25.3,21.7,37.9,26.4,1.7,8.4,5.7
2016:Q2,01/06/2016,age70plus,24.2,22,22.8,18.2,25,27.4,34.7,33.2,33.3,33.2,33.5,27.3,24.5,53.3,28.5,23.1,17.2,23.7,29.2,8.7,8.7,8.1,6.5,6.4,40.5,23.7,26.6
2016:Q2,01/06/2016,age55to69,43.4,36.4,36.8,34.6,46.2,32.7,42.9,50.5,47.9,49,44.6,55.4,57.8,33.2,44.9,43.1,49.6,44.8,34.9,28.1,28.1,29.8,20.5,42.4,41.9,42.9,45.8
2016:Q2,01/06/2016,age40to54,24.4,28.7,28.8,28.2,22.7,27.3,14.7,13.1,12.2,13.1,9.5,14.3,14.4,13,23.6,24.9,26.3,24.9,22.6,37.8,37.9,40.2,34.9,23.9,16.1,25.6,22.3
2016:Q2,01/06/2016,ageunder40,7.9,12.8,11.5,19,6,12.6,7.6,3.2,6.6,4.7,12.5,3,3.3,0.6,3,8.8,6.8,6.7,13.3,25.4,25.4,21.9,38,27.3,1.5,7.8,5.2
2016:Q3,01/09/2016,age70plus,24.3,21.8,22.6,18.3,25.2,27.1,35.5,34.1,33,33.1,32.9,26.6,23.5,55,28.4,23.4,17.4,24,29.5,8.8,8.8,8,6.6,6.7,42.7,22,26.7
2016:Q3,01/09/2016,age55to69,43.5,36.3,36.6,34.7,46.4,32.5,42.4,49.8,47.7,49,43.9,54.9,57.4,32.4,45.3,43,49.8,45.2,34.5,27.4,27.3,29,20.1,40.8,42.4,42.5,46
2016:Q3,01/09/2016,age40to54,24.1,29,29.2,28,22.2,27.6,12.6,12.9,12.1,12.8,9.8,15.1,15.4,12.6,23.5,24.6,26,24.3,22.6,38.5,38.6,41.4,34.9,23.7,13.5,25.8,21.9
2016:Q3,01/09/2016,ageunder40,8.1,12.9,11.7,18.9,6.2,12.9,9.5,3.2,7.2,5,13.5,3.4,3.8,0.1,2.8,9,6.8,6.5,13.5,25.3,25.4,21.6,38.4,28.8,1.3,9.8,5.4
2016:Q4,01/12/2016,age70plus,24.6,21.7,22.4,18.3,25.7,27,38.4,34.1,33.7,33.6,33.9,27.4,24.3,54.7,28.4,23.1,17.7,23.9,28.6,8.7,8.7,8,6.6,7.6,42,19.2,27
2016:Q4,01/12/2016,age55to69,43.2,36.2,36.4,34.9,46,32.5,39.6,49.8,47.8,48.8,44.2,52.7,54.9,32.6,45.5,43.1,49.5,45.2,34.2,27.3,27.3,28.9,20.3,42.4,41.4,42.4,45.6
2016:Q4,01/12/2016,age40to54,23.7,29,29.3,27.8,21.5,27.6,7.6,12.9,11.7,12.6,8.4,16.3,16.8,12.6,23.2,24.1,26,24.3,22.7,38.8,38.9,41.7,34.9,23,15.3,26.1,21.3
2016:Q4,01/12/2016,ageunder40,8.6,13.1,11.9,19,6.8,13,14.4,3.2,6.9,5,13.5,3.6,4,0.1,3,9.7,6.8,6.6,14.5,25.1,25.2,21.3,38.2,27,1.3,12.3,6
2017:Q1,01/03/2017,age70plus,24.5,21.8,22.6,18.1,25.6,26.9,37.3,34.4,34,33.9,34.2,29.2,26.5,54.7,28.2,22.9,17.8,23.8,28.7,8.7,8.7,8.2,6.4,8.7,41.3,20.2,26.9
2017:Q1,01/03/2017,age55to69,43.3,36.1,36.3,35,46.1,32.2,41.2,49.6,47.7,48.6,44.1,49.9,51.7,32.6,45.8,43.1,49.3,45.5,34.7,27.6,27.5,29.1,20.8,43.1,41.4,42.2,45.7
2017:Q1,01/03/2017,age40to54,23.7,28.9,29.2,27.7,21.6,28,9.1,12.8,11.4,12.4,8.1,17.1,17.6,12.8,22.9,23.6,26,24.1,22.2,38.8,38.8,41.8,34.6,22.7,15.9,25.8,21.4
2017:Q1,01/03/2017,ageunder40,8.5,13.2,11.9,19.2,6.6,12.9,12.5,3.1,7,5.1,13.6,3.8,4.2,0,3.1,10.4,6.9,6.6,14.5,24.9,24.9,21,38.3,25.6,1.4,11.8,6
2017:Q2,01/06/2017,age70plus,24.5,21.6,22.3,18.2,25.6,26.9,37.4,34.7,34.4,34.2,34.9,29.8,27.2,54.6,28.2,22.9,18,23.7,28.7,8.7,8.7,8.2,6.3,8.4,40.8,20.2,26.8
2017:Q2,01/06/2017,age55to69,43.2,36,36.1,35.1,46.1,32.2,41.1,49.5,47.7,48.6,44.1,48.6,50.2,32.7,46,43.2,49.2,45.3,34.8,27.7,27.6,29.1,21,44.2,42.2,42.3,45.6
2017:Q2,01/06/2017,age40to54,23.8,29.3,29.6,27.5,21.6,28,9.2,12.8,11.2,12.1,7.6,17.7,18.2,12.7,22.6,23.2,25.9,24.3,21.9,38.8,38.8,41.9,34.4,22,15.4,25.6,21.5
2017:Q2,01/06/2017,ageunder40,8.5,13.2,12,19.2,6.6,12.9,12.4,3,6.8,5,13.5,4,4.4,0.1,3.2,10.8,6.9,6.7,14.6,24.8,24.8,20.8,38.3,25.5,1.6,11.9,6
2017:Q3,01/09/2017,age70plus,24.5,21.4,22,18.1,25.7,26.4,37.7,34.6,34.8,34.7,35,30.9,28.4,54.7,28,22.7,18.1,23.6,28.5,8.7,8.7,8.2,6.3,9.3,40.4,19.6,26.8
2017:Q3,01/09/2017,age55to69,43.2,35.8,35.9,35.3,46.1,32.3,41,49.7,47.3,48.3,43.9,45.7,47.1,32.4,46.3,43.2,49.1,45.3,34.8,27.6,27.5,28.9,21.1,44.2,42.1,42.1,45.5
2017:Q3,01/09/2017,age40to54,23.7,29.5,29.9,27.3,21.4,28.1,8.2,12.6,11,11.9,7.6,19.1,19.7,12.9,22.4,22.8,25.9,24.3,21.8,39,39.1,42.3,34.2,21.9,16,25.6,21.4
2017:Q3,01/09/2017,ageunder40,8.6,13.3,12.1,19.4,6.7,13.2,13.1,3.1,6.9,5.1,13.4,4.3,4.7,0,3.3,11.3,6.9,6.8,14.9,24.7,24.7,20.6,38.5,24.6,1.6,12.8,6.2
2017:Q4,01/12/2017,age70plus,24.5,21.2,21.8,17.9,25.7,26.1,39.2,34.6,34.4,34.3,34.8,33,30.7,54.9,27.6,22.4,18.2,23.3,28,8.8,8.7,8.2,6.1,9.7,40.1,18.5,26.8
2017:Q4,01/12/2017,age55to69,43.2,35.8,35.8,35.5,46,32.1,39.4,49.8,47.9,48.9,43.8,40.8,41.7,32.1,46.8,43.2,48.9,45.6,34.7,27.6,27.5,28.7,21.4,44.4,43.9,41.6,45.4
2017:Q4,01/12/2017,age40to54,23.5,29.6,30.1,27.1,21.2,28.6,5.9,12.5,10.7,11.6,7.2,21.4,22.4,13,22.2,22.2,25.9,24.2,21.7,39.2,39.2,42.9,33.6,21.6,14.1,25.6,21.3
2017:Q4,01/12/2017,ageunder40,8.8,13.4,12.2,19.6,7,13.3,15.5,3.1,7,5.2,14.1,4.7,5.3,0,3.3,12.2,7,6.8,15.6,24.5,24.5,20.2,38.8,24.3,1.8,14.4,6.5
2018:Q1,01/03/2018,age70plus,24.5,21.1,21.7,18.2,25.9,26.9,37.3,34.9,34.8,34.5,35.9,31.9,29.5,55.1,28.2,22.9,18.5,23.7,28.9,8.9,8.8,8.3,6.2,10.1,39.8,21.9,26.8
2018:Q1,01/03/2018,age55to69,43.2,35.7,35.8,35.4,46.1,32,41.9,49.7,48,49,43.6,42.3,43.4,31.8,46.4,43.2,48.8,45.2,35,27.6,27.6,28.8,21.4,44.6,43.9,42.2,45.5
2018:Q1,01/03/2018,age40to54,23.7,29.8,30.3,26.9,21.3,28.2,8.5,12.4,10.6,11.5,7,21.2,22,13.1,22,22.1,25.7,24.3,21.2,39.4,39.4,43.2,33.8,21.3,14.4,24.8,21.4
2018:Q1,01/03/2018,ageunder40,8.6,13.4,12.2,19.4,6.7,12.9,12.3,3,6.6,4.9,13.5,4.7,5.2,0,3.4,11.8,6.9,6.9,14.8,24.1,24.1,19.7,38.7,24.1,1.9,11,6.3
2018:Q2,01/06/2018,age70plus,24.6,20.9,21.5,18.2,26,26.7,37.4,35,34.7,34.3,36.1,32.7,30.4,55.3,28.3,22.9,18.7,23.6,29,8.9,8.8,8.3,6.1,10.4,39.6,21.2,26.9
2018:Q2,01/06/2018,age55to69,43.1,35.6,35.6,35.5,46.1,32,41.9,49.7,48.3,49.4,43.3,40.4,41.3,31.4,46.4,43.2,48.7,45.1,35,27.6,27.6,28.7,21.6,44.7,43.6,42.1,45.4
2018:Q2,01/06/2018,age40to54,23.7,30.1,30.7,26.8,21.2,28.2,8.2,12.3,10.5,11.3,6.9,22,22.9,13.2,21.9,21.7,25.6,24.3,21,39.5,39.5,43.5,33.5,21.1,14.8,24.8,21.4
2018:Q2,01/06/2018,ageunder40,8.6,13.4,12.2,19.5,6.7,13.1,12.5,3,6.6,4.9,13.6,4.9,5.4,0,3.4,12.2,7,6.9,15,24,24,19.5,38.8,23.9,2,12,6.4
2018:Q3,01/09/2018,age70plus,24.5,20.8,21.4,17.8,25.9,25.6,37.7,35.1,33.6,33.2,35.6,35.7,33.8,55.6,28,22.5,18.9,23.4,28.6,8.8,8.8,8.4,6,11.4,39.5,21.1,26.7
2018:Q3,01/09/2018,age55to69,43.3,35.5,35.5,35.8,46.3,32,41.7,49.7,49.4,50.7,43.3,35.4,35.9,31,46.9,43.1,48.4,45.8,35.1,27.6,27.6,28.7,21.8,44.3,43.8,41.5,45.5
2018:Q3,01/09/2018,age40to54,23.6,30.3,31,26.6,21,28.8,7.7,12.1,10.2,11,6.3,23.5,24.4,13.3,21.7,21.1,25.7,23.9,20.8,39.5,39.6,43.7,33,21.1,14.7,24.6,21.3
2018:Q3,01/09/2018,ageunder40,8.6,13.4,12.2,19.8,6.8,13.6,12.9,3,6.7,5.1,14.8,5.4,5.9,0,3.4,13.3,7,6.8,15.4,24,24,19.3,39.3,23.3,2,12.7,6.4
2018:Q4,01/12/2018,age70plus,25.4,20.8,21.2,19.1,27.3,28.8,37.2,35,35.9,35.3,38.8,27.6,24.9,56,31,24.4,19.5,24.7,30.5,8.9,8.9,8.3,6.7,9.9,39.3,21.7,27.8
2018:Q4,01/12/2018,age55to69,42.4,35.4,35.4,35.3,45.4,32.2,42.4,50,48.2,49.4,42.7,47.7,49.4,30.6,44.2,43.3,48.6,43.8,34.6,27,27,28.3,20.5,45.6,42.4,43.4,44.7
2018:Q4,01/12/2018,age40to54,23.6,30.4,31.1,26.6,20.7,26.7,8.1,11.9,10.3,11.1,6.9,20.2,20.8,13.4,21.4,21.8,25.2,24.5,20.7,40.4,40.4,44.3,34.5,20.1,16.3,24.6,21
2018:Q4,01/12/2018,ageunder40,8.6,13.4,12.3,19,6.7,12.3,12.3,3.1,5.6,4.3,11.6,4.4,4.9,0,3.5,10.5,6.7,7,14.2,23.7,23.7,19,38.2,24.4,2,10.4,6.4
2019:Q1,01/03/2019,age70plus,25.2,21.2,21.7,18.4,26.8,27.3,38.2,35.1,34.7,34.1,37.4,33,30.9,56.3,29.4,23.4,19.4,24.1,29.5,8.9,8.9,8.5,6.2,11.4,39.1,21.7,27.5
2019:Q1,01/03/2019,age55to69,42.8,35.4,35.3,35.7,45.8,31.8,41.5,50,49.1,50.4,42.6,38.7,39.5,30.1,45.7,43.2,48.4,44.9,34.8,27.6,27.6,28.9,21.5,44.8,41.9,42.3,44.9
2019:Q1,01/03/2019,age40to54,23.2,30,30.8,26.4,20.5,28.1,6.1,11.8,10,10.8,6.4,23,23.9,13.6,21.4,20.9,25.3,24.1,20.5,39.6,39.7,43.6,33.3,20.3,16.9,24.3,20.9
2019:Q1,01/03/2019,ageunder40,8.8,13.4,12.2,19.5,6.9,12.9,14.2,3.1,6.2,4.7,13.6,5.3,5.8,0,3.5,12.5,6.9,7,15.2,23.8,23.8,18.9,39,23.5,2.1,11.7,6.6
2019:Q2,01/06/2019,age70plus,25.2,21.1,21.6,18.3,26.8,26.6,38.9,35.1,34.5,34,37.1,34.6,32.6,56.7,29.3,23.3,19.5,23.9,29.3,9,8.9,8.6,6.1,10.8,39.2,20,27.5
2019:Q2,01/06/2019,age55to69,42.8,35.4,35.3,35.8,45.8,31.9,40.9,50.1,49.2,50.7,42.4,36.3,36.9,29.5,46,43.2,48.3,45,34.8,27.8,27.8,29.1,21.7,45.5,42.8,42,45
2019:Q2,01/06/2019,age40to54,23.1,30.2,31,26.2,20.3,28.2,5,11.6,9.9,10.5,6.8,23.6,24.5,13.7,21.3,20.5,25.2,24.1,20.4,39.4,39.5,43.6,33,19.7,15.9,24.4,20.8
2019:Q2,01/06/2019,ageunder40,8.8,13.3,12,19.7,7,13.3,15.1,3.2,6.4,4.8,13.8,5.5,6,0,3.5,13,6.9,7,15.5,23.8,23.8,18.8,39.2,24,2.1,13.6,6.7